
# Qualifying


Week 1

Thu Mar/19 23:30 Seattle Sounders           3-0 New York Red Bulls
Sat Mar/21 22:00 Houston Dynamo           1-1 Columbus Crew
Sat Mar/21 22:30 Kansas City Wizards           2-3 Toronto FC
Sat Mar/21 22:30 FC Dallas           1-3 Chicago Fire

Week 2

Sun Mar/22 00:30 San Jose Earthquakes           0-1 New England Revolution
Sun Mar/22 00:30 CD Chivas USA           2-1 Colorado Rapids
Sun Mar/22 17:00 Los Angeles Galaxy           2-2 Washington D.C. United
Sat Mar/28 18:10 Columbus Crew           1-1 Toronto FC
Sat Mar/28 21:30 Washington D.C. United           1-1 Chicago Fire
Sat Mar/28 21:30 New York Red Bulls           1-1 New England Revolution
Sat Mar/28 23:30 Colorado Rapids           2-1 Kansas City Wizards

Week 3

Sun Mar/29 00:30 San Jose Earthquakes           3-2 Houston Dynamo
Sun Mar/29 00:30 Seattle Sounders           2-0 Real Salt Lake
Sun Mar/29 17:00 FC Dallas           0-2 CD Chivas USA
Thu Apr/2 23:00 Real Salt Lake           4-1 Columbus Crew
Sat Apr/4 18:00 Toronto FC           0-2 Seattle Sounders
Sat Apr/4 21:30 New England Revolution           2-1 FC Dallas
Sat Apr/4 21:30 Washington D.C. United           1-0 Houston Dynamo

Week 4

Sun Apr/5 00:30 Los Angeles Galaxy           2-3 Colorado Rapids
Sun Apr/5 17:00 Chicago Fire           1-0 New York Red Bulls
Sun Apr/5 17:00 Kansas City Wizards           2-0 San Jose Earthquakes
Sun Apr/5 22:00 CD Chivas USA           2-1 Columbus Crew
Sat Apr/11 18:00 Toronto FC           1-1 FC Dallas
Sat Apr/11 18:00 San Jose Earthquakes           3-3 Chicago Fire
Sat Apr/11 20:00 Real Salt Lake           2-1 Washington D.C. United
Sat Apr/11 21:30 Columbus Crew           1-1 Colorado Rapids
Sat Apr/11 22:30 Houston Dynamo           0-0 New York Red Bulls

Week 5

Sun Apr/12 00:30 Los Angeles Galaxy           0-0 CD Chivas USA
Sun Apr/12 00:30 Seattle Sounders           0-1 Kansas City Wizards
Fri Apr/17 21:00 Washington D.C. United           1-1 New England Revolution
Sat Apr/18 21:30 New York Red Bulls           2-0 Real Salt Lake
Sat Apr/18 22:30 Chicago Fire           2-2 Kansas City Wizards

Week 6

Sun Apr/19 00:30 San Jose Earthquakes           1-1 Los Angeles Galaxy
Sun Apr/19 00:30 CD Chivas USA           2-0 Seattle Sounders
Sun Apr/19 17:00 Houston Dynamo           1-0 Colorado Rapids
Sun Apr/19 21:00 FC Dallas           3-2 Toronto FC
Wed Apr/22 21:30 Toronto FC           1-0 CD Chivas USA
Thu Apr/23 22:00 Kansas City Wizards           1-0 New York Red Bulls
Sat Apr/25 21:00 Columbus Crew           2-2 Chicago Fire
Sat Apr/25 23:00 Real Salt Lake           6-0 New England Revolution
Sat Apr/25 23:30 Colorado Rapids           1-1 Los Angeles Galaxy

Week 7

Sun Apr/26 00:30 CD Chivas USA           2-0 FC Dallas
Sun Apr/26 00:30 Seattle Sounders           2-0 San Jose Earthquakes
Sun Apr/26 17:00 New York Red Bulls           2-3 Washington D.C. United
Sun Apr/26 19:00 Toronto FC           1-0 Kansas City Wizards
Sat May/2 18:00 Toronto FC           1-1 Columbus Crew
Sat May/2 21:30 Washington D.C. United           2-1 FC Dallas
Sat May/2 22:30 Chicago Fire           1-1 Seattle Sounders
Sat May/2 23:30 Colorado Rapids           2-0 Real Salt Lake

Week 8

Sun May/3 00:30 San Jose Earthquakes           0-1 CD Chivas USA
Sun May/3 00:30 Los Angeles Galaxy           1-0 New York Red Bulls
Sun May/3 17:00 New England Revolution           0-2 Houston Dynamo
Wed May/6 22:30 Kansas City Wizards           1-1 Washington D.C. United
Wed May/6 23:00 Real Salt Lake           2-2 Los Angeles Galaxy
Fri May/8 21:30 New York Red Bulls           4-1 San Jose Earthquakes
Sat May/9 21:00 Columbus Crew           3-2 Kansas City Wizards
Sat May/9 21:30 Washington D.C. United           3-3 Toronto FC
Sat May/9 22:30 Chicago Fire           1-1 New England Revolution
Sat May/9 23:00 Houston Dynamo           1-0 FC Dallas

Week 9

Sun May/10 00:30 CD Chivas USA           1-0 Real Salt Lake
Sun May/10 17:00 Seattle Sounders           1-1 Los Angeles Galaxy
Sat May/16 18:00 Toronto FC           0-2 Chicago Fire
Sat May/16 21:30 New England Revolution           1-1 Colorado Rapids
Sat May/16 21:30 New York Red Bulls           1-1 Houston Dynamo
Sat May/16 22:30 FC Dallas           1-1 Seattle Sounders
Sat May/16 23:00 Real Salt Lake           0-2 Kansas City Wizards

Week 10

Sun May/17 01:00 CD Chivas USA           2-2 Washington D.C. United
Sun May/17 17:00 Los Angeles Galaxy           1-1 Columbus Crew
Sat May/23 18:00 Toronto FC           3-1 New England Revolution
Sat May/23 21:30 Washington D.C. United           0-0 Real Salt Lake
Sat May/23 22:30 Kansas City Wizards           1-1 CD Chivas USA
Sat May/23 22:30 Houston Dynamo           3-1 San Jose Earthquakes
Sat May/23 22:30 FC Dallas           1-1 Los Angeles Galaxy
Sat May/23 23:30 Colorado Rapids           2-2 Seattle Sounders

Week 11

Sun May/24 17:00 New York Red Bulls           0-1 Chicago Fire
Wed May/27 21:30 Columbus Crew           2-1 San Jose Earthquakes
Fri May/29 00:30 CD Chivas USA           2-3 Chicago Fire
Sat May/30 21:30 New York Red Bulls           2-3 Colorado Rapids
Sat May/30 21:30 New England Revolution           2-1 Washington D.C. United
Sat May/30 22:30 Houston Dynamo           3-0 Toronto FC

Week 12

Sun May/31 00:30 Seattle Sounders           1-1 Columbus Crew
Sun May/31 00:30 Los Angeles Galaxy           1-1 Kansas City Wizards
Sun May/31 00:30 San Jose Earthquakes           2-1 Real Salt Lake
Sun May/31 17:00 Chicago Fire           0-3 FC Dallas
Thu Jun/4 21:30 Washington D.C. United           2-0 New York Red Bulls
Fri Jun/5 23:00 Chicago Fire           0-1 Houston Dynamo
Sat Jun/6 18:00 Toronto FC           1-2 Los Angeles Galaxy
Sat Jun/6 22:35 Kansas City Wizards           0-2 Columbus Crew

Week 13

Sun Jun/7 00:00 Real Salt Lake           1-1 Colorado Rapids
Sun Jun/7 00:30 CD Chivas USA           1-0 Seattle Sounders
Sun Jun/7 17:00 FC Dallas           2-2 San Jose Earthquakes
Sun Jun/7 20:00 New England Revolution           4-0 New York Red Bulls
Wed Jun/10 22:30 Houston Dynamo           1-0 CD Chivas USA
Sat Jun/13 21:30 Washington D.C. United           2-1 Chicago Fire
Sat Jun/13 22:00 Toronto FC           2-1 New York Red Bulls
Sat Jun/13 22:30 FC Dallas           1-3 Houston Dynamo
Sat Jun/13 22:30 Kansas City Wizards           3-1 New England Revolution

Week 14

Sun Jun/14 00:30 Los Angeles Galaxy           0-2 Real Salt Lake
Sun Jun/14 00:30 Seattle Sounders           2-1 San Jose Earthquakes
Sun Jun/14 17:00 Columbus Crew           2-1 CD Chivas USA
Thu Jun/18 00:30 Seattle Sounders           3-3 Washington D.C. United
Sat Jun/20 18:30 San Jose Earthquakes           2-1 Los Angeles Galaxy
Sat Jun/20 21:30 New York Red Bulls           1-1 Seattle Sounders
Sat Jun/20 22:30 FC Dallas           2-1 Columbus Crew
Sat Jun/20 22:30 Houston Dynamo           1-1 Real Salt Lake
Sat Jun/20 23:30 Colorado Rapids           3-0 Washington D.C. United

Week 15

Wed Jun/24 21:30 Toronto FC           2-0 New York Red Bulls
Wed Jun/24 23:30 Colorado Rapids           1-1 FC Dallas
Sat Jun/27 21:30 Columbus Crew           1-0 New York Red Bulls
Sat Jun/27 23:30 Real Salt Lake           3-0 Toronto FC

Week 16

Sun Jun/28 18:00 Seattle Sounders           3-0 Colorado Rapids
Mon Jun/29 00:00 Los Angeles Galaxy           1-0 Houston Dynamo
Sat Jul/4 00:00 Real Salt Lake           1-1 San Jose Earthquakes
Sat Jul/4 21:00 Columbus Crew           1-1 Washington D.C. United
Sat Jul/4 23:00 Kansas City Wizards           0-1 Houston Dynamo
Sat Jul/4 23:00 Colorado Rapids           1-2 Chicago Fire
Sat Jul/4 23:00 FC Dallas           2-1 New York Red Bulls

Week 17

Sun Jul/5 01:00 Los Angeles Galaxy           1-0 New England Revolution
Sat Jul/11 18:00 Seattle Sounders           2-1 Houston Dynamo
Sat Jul/11 18:00 New England Revolution           0-0 Kansas City Wizards
Sat Jul/11 22:00 Chicago Fire           0-0 Columbus Crew
Sat Jul/11 23:30 Colorado Rapids           1-0 FC Dallas

Week 18

Sun Jul/12 00:30 San Jose Earthquakes           1-3 Toronto FC
Sun Jul/12 01:00 CD Chivas USA           0-1 Los Angeles Galaxy
Thu Jul/16 22:00 New York Red Bulls           1-3 Los Angeles Galaxy
Sat Jul/18 15:00 Toronto FC           1-1 Houston Dynamo
Sat Jul/18 22:00 Washington D.C. United           3-1 Colorado Rapids
Sat Jul/18 22:00 Columbus Crew           3-1 Real Salt Lake
Sat Jul/18 22:30 Chicago Fire           2-0 San Jose Earthquakes

Week 19

Sun Jul/19 20:00 New England Revolution           2-0 CD Chivas USA
Sat Jul/25 00:00 Real Salt Lake           4-2 FC Dallas
Sat Jul/25 17:00 Seattle Sounders           0-0 Chicago Fire
Sat Jul/25 21:30 Columbus Crew           3-2 Toronto FC
Sat Jul/25 22:30 Houston Dynamo           0-1 New England Revolution
Sat Jul/25 23:00 Kansas City Wizards           1-1 Los Angeles Galaxy
Sat Jul/25 23:30 Colorado Rapids           4-0 New York Red Bulls

Week 20

Sun Jul/26 00:30 San Jose Earthquakes           2-2 Washington D.C. United
Sat Aug/1 21:30 New England Revolution           1-1 Toronto FC
Sat Aug/1 22:30 Houston Dynamo           4-3 Washington D.C. United
Sat Aug/1 22:30 FC Dallas           6-0 Kansas City Wizards
Sat Aug/1 22:30 Chicago Fire           1-0 Real Salt Lake
Sat Aug/1 23:30 Colorado Rapids           0-1 Columbus Crew

Week 21

Sun Aug/2 17:00 San Jose Earthquakes           4-0 Seattle Sounders
Thu Aug/6 22:30 FC Dallas           1-0 Houston Dynamo
Sat Aug/8 20:00 New England Revolution           1-2 Los Angeles Galaxy
Sat Aug/8 22:30 San Jose Earthquakes           0-3 Columbus Crew
Sat Aug/8 23:00 Real Salt Lake           1-0 Seattle Sounders
Sat Aug/8 23:30 Colorado Rapids           4-0 CD Chivas USA

Week 22

Sun Aug/9 22:30 Houston Dynamo           3-2 Chicago Fire
Sat Aug/15 18:00 Toronto FC           2-0 Washington D.C. United
Sat Aug/15 21:00 New York Red Bulls           0-2 CD Chivas USA
Sat Aug/15 21:00 Columbus Crew           2-0 FC Dallas
Sat Aug/15 23:00 Real Salt Lake           0-0 Houston Dynamo

Week 23

Sun Aug/16 01:00 Los Angeles Galaxy           0-2 Seattle Sounders
Sun Aug/16 17:00 Kansas City Wizards           0-2 Chicago Fire
Wed Aug/19 23:00 Chicago Fire           0-2 Los Angeles Galaxy
Fri Aug/21 00:00 Seattle Sounders           0-1 New England Revolution
Sat Aug/22 21:45 Washington D.C. United           0-0 Los Angeles Galaxy

Week 24

Sun Aug/23 00:30 San Jose Earthquakes           1-0 Kansas City Wizards
Sun Aug/23 00:30 CD Chivas USA           2-0 Toronto FC
Sun Aug/23 17:00 New York Red Bulls           3-2 FC Dallas
Sun Aug/23 20:00 Chicago Fire           3-2 Colorado Rapids
Sun Aug/23 20:00 New England Revolution           3-1 Real Salt Lake
Sun Aug/23 22:30 Houston Dynamo           1-1 Seattle Sounders
Wed Aug/26 23:00 Real Salt Lake           4-0 CD Chivas USA
Sat Aug/29 18:00 Seattle Sounders           0-0 Toronto FC
Sat Aug/29 21:30 New England Revolution           2-1 San Jose Earthquakes
Sat Aug/29 22:30 Chicago Fire           0-1 Washington D.C. United
Sat Aug/29 22:30 Kansas City Wizards           0-1 Real Salt Lake

Week 25

Sun Aug/30 01:00 Los Angeles Galaxy           1-0 CD Chivas USA
Sun Aug/30 17:00 Colorado Rapids           1-0 Houston Dynamo
Sun Aug/30 20:00 New York Red Bulls           1-0 Columbus Crew
Sat Sep/5 21:30 New England Revolution           2-4 Kansas City Wizards
Sat Sep/5 22:00 FC Dallas           2-2 Washington D.C. United

Week 26

Sun Sep/6 00:00 Colorado Rapids           1-0 Toronto FC
Wed Sep/9 21:30 Washington D.C. United           1-0 Kansas City Wizards
Sat Sep/12 18:00 Toronto FC           3-2 Colorado Rapids
Sat Sep/12 21:30 New York Red Bulls           0-1 Kansas City Wizards
Sat Sep/12 21:30 Washington D.C. United           1-2 Seattle Sounders
Sat Sep/12 23:00 Real Salt Lake           1-1 Chicago Fire

Week 27

Sun Sep/13 00:30 Los Angeles Galaxy           3-6 FC Dallas
Sun Sep/13 17:00 CD Chivas USA           2-0 New England Revolution
Sun Sep/13 19:00 Columbus Crew           2-1 Houston Dynamo
Fri Sep/18 21:30 New York Red Bulls           1-1 New England Revolution
Sat Sep/19 01:00 San Jose Earthquakes           1-1 Colorado Rapids
Sat Sep/19 17:00 Seattle Sounders           0-0 CD Chivas USA
Sat Sep/19 22:30 Houston Dynamo           3-2 Real Salt Lake
Sat Sep/19 22:30 Kansas City Wizards           3-2 FC Dallas

Week 28

Sun Sep/20 00:30 Los Angeles Galaxy           2-0 Toronto FC
Sun Sep/20 17:00 Chicago Fire           2-2 Columbus Crew
Wed Sep/23 23:30 Colorado Rapids           1-1 San Jose Earthquakes
Sat Sep/26 21:30 Columbus Crew           2-0 Los Angeles Galaxy
Sat Sep/26 21:30 New England Revolution           2-1 Seattle Sounders
Sat Sep/26 22:30 Kansas City Wizards           0-0 Colorado Rapids
Sat Sep/26 22:30 FC Dallas           3-0 Real Salt Lake
Sat Sep/26 22:30 Chicago Fire           2-2 Toronto FC

Week 29

Sun Sep/27 00:30 CD Chivas USA           1-1 New York Red Bulls
Sun Sep/27 17:00 Washington D.C. United           1-2 San Jose Earthquakes
Wed Sep/30 21:05 FC Dallas           1-0 New England Revolution
Sat Oct/3 01:15 Los Angeles Galaxy           1-0 Chicago Fire
Sat Oct/3 21:30 Washington D.C. United           0-2 CD Chivas USA
Sat Oct/3 21:30 Columbus Crew           0-1 Seattle Sounders
Sat Oct/3 23:00 Colorado Rapids           1-1 New England Revolution

Week 30

Sun Oct/4 01:00 San Jose Earthquakes           1-0 New York Red Bulls
Sun Oct/4 17:00 Houston Dynamo           1-1 Kansas City Wizards
Thu Oct/8 00:00 San Jose Earthquakes           1-2 FC Dallas
Sat Oct/10 18:00 Toronto FC           1-1 San Jose Earthquakes
Sat Oct/10 21:30 New England Revolution           0-1 Columbus Crew

Week 31

Sun Oct/11 00:30 CD Chivas USA           2-0 Kansas City Wizards
Thu Oct/15 00:20 Real Salt Lake           2-0 New York Red Bulls
Sat Oct/17 18:00 Toronto FC           1-0 Real Salt Lake
Sat Oct/17 20:00 New England Revolution           0-0 Chicago Fire
Sat Oct/17 22:00 Washington D.C. United           1-0 Columbus Crew
Sat Oct/17 22:30 FC Dallas           2-1 Colorado Rapids
Sat Oct/17 22:30 Kansas City Wizards           2-3 Seattle Sounders

Week 32

Sun Oct/18 00:30 CD Chivas USA           2-2 San Jose Earthquakes
Sun Oct/18 17:00 Houston Dynamo           0-0 Los Angeles Galaxy
Thu Oct/22 22:00 Chicago Fire           1-0 CD Chivas USA
Sat Oct/24 21:55 New York Red Bulls           5-0 Toronto FC
Sat Oct/24 22:30 Kansas City Wizards           2-2 Washington D.C. United
Sat Oct/24 23:00 Real Salt Lake           3-0 Colorado Rapids

Week 33

Sun Oct/25 00:30 Seattle Sounders           2-1 FC Dallas
Sun Oct/25 00:30 Los Angeles Galaxy           2-0 San Jose Earthquakes
Sun Oct/25 17:00 CD Chivas USA           2-3 Houston Dynamo
Sun Oct/25 20:00 Columbus Crew           0-1 New England Revolution


# Quarter Final


Week 34

Fri Oct/30 00:25 Seattle Sounders           0-0 Houston Dynamo
Sat Oct/31 20:20 Real Salt Lake           1-0 Columbus Crew

Week 35

Sun Nov/1 16:00 New England Revolution           2-1 Chicago Fire
Sun Nov/1 19:25 CD Chivas USA           2-2 Los Angeles Galaxy
Thu Nov/5 22:15 Columbus Crew           2-3 Real Salt Lake
Sat Nov/7 22:30 Chicago Fire           2-0 New England Revolution

Week 36

Sun Nov/8 17:00 Houston Dynamo           0-0 Seattle Sounders
Sun Nov/8 21:45 Los Angeles Galaxy           1-0 CD Chivas USA


# Semifinal


Week 37

Sat Nov/14 01:25 Los Angeles Galaxy           0-0 Houston Dynamo
Sat Nov/14 22:05 Chicago Fire           0-0 Real Salt Lake


# Final


Week 38

Sun Nov/22 22:55 Los Angeles Galaxy           1-1 Real Salt Lake

