
# Qualifying


Week 1

Sat Apr/7 18:00 Colorado Rapids           2-1 Washington D.C. United
Sat Apr/7 20:00 Real Salt Lake           2-2 FC Dallas
Sat Apr/7 21:00 Columbus Crew           0-0 New York Red Bulls
Sat Apr/7 22:30 Chicago Fire           1-0 New England Revolution

Week 2

Sun Apr/8 00:30 CD Chivas USA           2-0 Toronto FC
Sun Apr/8 21:00 Houston Dynamo           0-0 Los Angeles Galaxy
Fri Apr/13 00:30 Los Angeles Galaxy           1-2 FC Dallas
Sat Apr/14 20:00 Real Salt Lake           0-0 Columbus Crew
Sat Apr/14 21:30 Washington D.C. United           2-4 Kansas City Wizards
Sat Apr/14 21:30 New England Revolution           4-0 Toronto FC
Sat Apr/14 22:30 Houston Dynamo           1-0 CD Chivas USA

Week 3

Sun Apr/15 17:00 New York Red Bulls           3-0 FC Dallas
Sun Apr/15 22:00 Colorado Rapids           1-1 Chicago Fire
Thu Apr/19 21:00 Columbus Crew           2-2 New England Revolution
Sat Apr/21 21:30 New York Red Bulls           1-0 Houston Dynamo
Sat Apr/21 22:30 Chicago Fire           2-1 Kansas City Wizards

Week 4

Sun Apr/22 00:30 CD Chivas USA           4-0 Real Salt Lake
Sun Apr/22 17:00 FC Dallas           3-1 Colorado Rapids
Wed Apr/25 22:00 Kansas City Wizards           3-0 Toronto FC
Thu Apr/26 22:00 FC Dallas           0-1 New York Red Bulls
Sat Apr/28 14:30 Toronto FC           0-1 Kansas City Wizards
Sat Apr/28 21:30 Columbus Crew           1-0 Washington D.C. United

Week 5

Sun Apr/29 00:30 Los Angeles Galaxy           3-1 CD Chivas USA
Sun Apr/29 17:00 FC Dallas           0-1 New England Revolution
Sun Apr/29 21:00 Houston Dynamo           0-1 Chicago Fire
Mon Apr/30 23:00 Real Salt Lake           0-2 Colorado Rapids
Thu May/3 21:00 Washington D.C. United           1-1 New England Revolution
Sat May/5 15:00 Kansas City Wizards           1-0 Columbus Crew
Sat May/5 23:00 Real Salt Lake           3-3 New York Red Bulls
Sat May/5 23:30 Colorado Rapids           1-3 Houston Dynamo

Week 6

Sun May/6 17:00 Washington D.C. United           2-1 CD Chivas USA
Sun May/6 19:00 New England Revolution           3-1 Chicago Fire
Thu May/10 23:00 Colorado Rapids           1-1 Real Salt Lake
Sat May/12 17:45 Toronto FC           3-1 Chicago Fire
Sat May/12 21:30 Columbus Crew           1-1 CD Chivas USA
Sat May/12 22:00 Kansas City Wizards           1-2 FC Dallas

Week 7

Sun May/13 00:30 Los Angeles Galaxy           2-3 New England Revolution
Sun May/13 17:00 New York Red Bulls           0-1 Colorado Rapids
Wed May/16 21:00 Toronto FC           1-0 Houston Dynamo
Thu May/17 22:00 Chicago Fire           1-2 FC Dallas
Sat May/19 17:30 Toronto FC           1-2 Washington D.C. United
Sat May/19 21:30 New York Red Bulls           4-0 Columbus Crew
Sat May/19 22:30 Houston Dynamo           0-1 New England Revolution
Sat May/19 23:00 Colorado Rapids           1-1 Kansas City Wizards

Week 8

Sun May/20 19:00 CD Chivas USA           1-1 Los Angeles Galaxy
Sun May/20 21:00 FC Dallas           2-1 Real Salt Lake
Thu May/24 21:00 New York Red Bulls           3-0 Chicago Fire
Sat May/26 20:30 New England Revolution           3-4 Kansas City Wizards
Sat May/26 21:30 Washington D.C. United           2-1 Houston Dynamo
Sat May/26 21:30 Columbus Crew           2-2 Toronto FC
Sat May/26 22:30 Colorado Rapids           1-0 Los Angeles Galaxy

Week 9

Sun May/27 00:30 CD Chivas USA           2-0 FC Dallas
Sun May/27 19:00 Chicago Fire           0-0 Real Salt Lake
Sat Jun/2 17:30 Toronto FC           2-1 Colorado Rapids
Sat Jun/2 21:30 New England Revolution           0-0 Real Salt Lake
Sat Jun/2 22:00 Kansas City Wizards           3-2 New York Red Bulls

Week 10

Sun Jun/3 00:30 Los Angeles Galaxy           0-0 Washington D.C. United
Sun Jun/3 19:00 Houston Dynamo           2-1 FC Dallas
Sun Jun/3 21:00 Chicago Fire           3-2 Columbus Crew
Wed Jun/6 21:00 Toronto FC           1-2 New York Red Bulls
Thu Jun/7 23:30 Houston Dynamo           2-1 Colorado Rapids
Sat Jun/9 22:30 Chicago Fire           0-1 CD Chivas USA
Sat Jun/9 22:30 FC Dallas           3-1 Los Angeles Galaxy

Week 11

Sun Jun/10 15:00 Washington D.C. United           4-2 New York Red Bulls
Sun Jun/10 19:00 Columbus Crew           1-2 Houston Dynamo
Thu Jun/14 23:00 Real Salt Lake           0-1 FC Dallas
Sat Jun/16 20:30 New England Revolution           3-3 Columbus Crew
Sat Jun/16 21:30 Washington D.C. United           3-1 Chicago Fire
Sat Jun/16 21:30 New York Red Bulls           3-3 Kansas City Wizards

Week 12

Sun Jun/17 00:30 CD Chivas USA           2-0 Colorado Rapids
Sun Jun/17 15:00 Toronto FC           4-0 FC Dallas
Sun Jun/17 22:00 Los Angeles Galaxy           3-2 Real Salt Lake
Wed Jun/20 21:30 Columbus Crew           2-1 Kansas City Wizards
Thu Jun/21 23:00 Houston Dynamo           4-0 CD Chivas USA
Sat Jun/23 21:30 New England Revolution           3-0 Toronto FC
Sat Jun/23 23:00 Colorado Rapids           0-1 FC Dallas
Sat Jun/23 23:30 Real Salt Lake           2-1 Washington D.C. United

Week 13

Sun Jun/24 00:30 Los Angeles Galaxy           2-3 Columbus Crew
Sun Jun/24 19:00 Kansas City Wizards           0-1 Houston Dynamo
Thu Jun/28 21:00 Washington D.C. United           4-1 Colorado Rapids
Sat Jun/30 20:00 FC Dallas           0-0 Houston Dynamo
Sat Jun/30 22:00 Columbus Crew           1-0 New York Red Bulls

Week 14

Sun Jul/1 00:30 CD Chivas USA           2-0 New England Revolution
Sun Jul/1 21:00 Chicago Fire           0-0 Colorado Rapids
Sun Jul/1 22:00 Kansas City Wizards           1-1 Toronto FC
Wed Jul/4 15:00 Kansas City Wizards           0-1 Washington D.C. United
Wed Jul/4 20:30 FC Dallas           2-0 CD Chivas USA
Wed Jul/4 23:30 Colorado Rapids           0-0 Columbus Crew
Thu Jul/5 00:00 Real Salt Lake           1-2 Toronto FC
Thu Jul/5 00:30 Los Angeles Galaxy           2-0 Chicago Fire
Thu Jul/5 22:00 Houston Dynamo           4-0 New York Red Bulls
Sat Jul/7 21:30 New England Revolution           1-1 CD Chivas USA
Sat Jul/7 21:30 Columbus Crew           2-0 Real Salt Lake
Sat Jul/7 22:30 Chicago Fire           1-1 Toronto FC

Week 15

Sun Jul/8 00:30 Los Angeles Galaxy           2-2 Kansas City Wizards
Sun Jul/8 22:00 Colorado Rapids           0-1 New York Red Bulls
Sun Jul/8 22:30 Houston Dynamo           1-0 Washington D.C. United
Thu Jul/12 23:00 Chicago Fire           0-4 Houston Dynamo
Sat Jul/14 21:30 Washington D.C. United           3-3 FC Dallas
Sat Jul/14 21:30 New York Red Bulls           0-1 New England Revolution
Sat Jul/14 22:00 Kansas City Wizards           1-0 Real Salt Lake

Week 16

Sun Jul/15 00:30 CD Chivas USA           2-1 Columbus Crew
Sun Jul/15 22:30 Houston Dynamo           0-0 Toronto FC

Week 17

Sun Jul/22 18:00 New England Revolution           3-3 Houston Dynamo
Sun Jul/22 19:00 New York Red Bulls           1-0 Washington D.C. United
Sun Jul/22 19:00 Columbus Crew           2-0 Toronto FC
Sun Jul/22 22:00 Kansas City Wizards           2-2 Colorado Rapids
Thu Jul/26 21:00 New York Red Bulls           0-2 CD Chivas USA
Sat Jul/28 23:30 Real Salt Lake           1-2 New England Revolution

Week 18

Sun Jul/29 17:00 Toronto FC           0-3 Chicago Fire
Sun Jul/29 21:00 Kansas City Wizards           3-2 CD Chivas USA
Thu Aug/2 21:00 New England Revolution           2-0 Kansas City Wizards
Sat Aug/4 22:30 Chicago Fire           0-0 Columbus Crew
Sat Aug/4 22:30 FC Dallas           1-0 Colorado Rapids
Sat Aug/4 23:00 Real Salt Lake           1-0 Houston Dynamo

Week 19

Sun Aug/5 18:00 New England Revolution           0-3 Washington D.C. United
Sun Aug/5 21:30 Toronto FC           0-0 Los Angeles Galaxy
Thu Aug/9 21:00 Washington D.C. United           1-0 Los Angeles Galaxy
Sat Aug/11 22:30 FC Dallas           3-2 Columbus Crew
Sat Aug/11 23:00 Colorado Rapids           1-0 Houston Dynamo

Week 20

Sun Aug/12 19:00 New York Red Bulls           3-0 Toronto FC
Sun Aug/12 21:00 New England Revolution           1-0 Los Angeles Galaxy
Thu Aug/16 23:00 Colorado Rapids           3-0 New England Revolution
Sat Aug/18 17:30 Toronto FC           0-2 CD Chivas USA
Sat Aug/18 21:30 Columbus Crew           0-2 Washington D.C. United
Sat Aug/18 21:30 New York Red Bulls           5-4 Los Angeles Galaxy
Sat Aug/18 23:00 Real Salt Lake           0-2 Chicago Fire

Week 21

Sun Aug/19 21:00 Houston Dynamo           1-0 FC Dallas
Sun Aug/19 22:00 Kansas City Wizards           0-1 New England Revolution
Wed Aug/22 21:30 Washington D.C. United           3-1 New York Red Bulls
Wed Aug/22 22:00 Kansas City Wizards           3-2 Chicago Fire
Fri Aug/24 00:00 Los Angeles Galaxy           0-3 CD Chivas USA
Sat Aug/25 21:30 Toronto FC           0-1 Washington D.C. United
Sat Aug/25 21:30 New England Revolution           2-1 New York Red Bulls
Sat Aug/25 22:30 Houston Dynamo           1-1 Columbus Crew
Sat Aug/25 22:30 Chicago Fire           2-0 Kansas City Wizards

Week 22

Sun Aug/26 21:00 Colorado Rapids           3-0 Los Angeles Galaxy
Sun Aug/26 23:00 CD Chivas USA           1-0 Real Salt Lake
Wed Aug/29 23:00 Real Salt Lake           3-1 Kansas City Wizards
Sat Sep/1 21:30 New York Red Bulls           1-0 Chicago Fire
Sat Sep/1 22:30 FC Dallas           0-4 Washington D.C. United
Sat Sep/1 22:30 Houston Dynamo           1-1 Kansas City Wizards

Week 23

Sun Sep/2 00:30 Los Angeles Galaxy           1-2 Real Salt Lake
Sun Sep/2 17:00 Columbus Crew           1-1 Colorado Rapids
Fri Sep/7 00:30 CD Chivas USA           2-2 Washington D.C. United
Sat Sep/8 21:30 Columbus Crew           0-1 Chicago Fire
Sat Sep/8 22:30 Houston Dynamo           4-3 Real Salt Lake
Sat Sep/8 22:30 FC Dallas           2-0 Toronto FC

Week 24

Sun Sep/9 00:30 Los Angeles Galaxy           3-1 Colorado Rapids
Sun Sep/9 17:00 Washington D.C. United           4-2 New England Revolution
Sun Sep/9 22:00 CD Chivas USA           3-0 New York Red Bulls
Wed Sep/12 21:30 Washington D.C. United           2-1 Real Salt Lake
Fri Sep/14 01:00 CD Chivas USA           3-0 Los Angeles Galaxy
Sat Sep/15 17:30 Toronto FC           0-0 Real Salt Lake
Sat Sep/15 21:30 New England Revolution           4-2 FC Dallas
Sat Sep/15 22:00 Kansas City Wizards           3-2 Columbus Crew
Sat Sep/15 22:30 Chicago Fire           2-2 New York Red Bulls

Week 25

Sun Sep/16 17:00 Colorado Rapids           1-1 CD Chivas USA
Sun Sep/16 22:00 Los Angeles Galaxy           1-3 Houston Dynamo
Wed Sep/19 23:00 Real Salt Lake           2-2 Los Angeles Galaxy
Thu Sep/20 22:00 FC Dallas           1-1 Chicago Fire
Sat Sep/22 17:30 Toronto FC           1-2 Columbus Crew
Sat Sep/22 21:30 New York Red Bulls           2-2 New England Revolution
Sat Sep/22 23:30 Real Salt Lake           1-0 Colorado Rapids

Week 26

Sun Sep/23 00:30 CD Chivas USA           2-1 Kansas City Wizards
Sun Sep/23 17:00 Chicago Fire           1-1 Washington D.C. United
Sun Sep/23 22:00 Los Angeles Galaxy           2-1 FC Dallas
Thu Sep/27 22:00 Kansas City Wizards           0-1 Los Angeles Galaxy
Sat Sep/29 21:30 New England Revolution           1-0 Colorado Rapids
Sat Sep/29 21:30 New York Red Bulls           2-2 Real Salt Lake
Sat Sep/29 21:30 Washington D.C. United           4-1 Toronto FC

Week 27

Sun Sep/30 00:30 CD Chivas USA           1-1 Chicago Fire
Sun Sep/30 17:00 FC Dallas           0-3 Houston Dynamo
Sun Sep/30 19:00 Columbus Crew           1-2 Los Angeles Galaxy
Thu Oct/4 21:00 Toronto FC           2-1 New York Red Bulls
Fri Oct/5 22:00 Kansas City Wizards           1-1 Washington D.C. United
Sat Oct/6 21:30 Columbus Crew           1-3 FC Dallas
Sat Oct/6 22:30 Chicago Fire           2-1 New England Revolution
Sat Oct/6 23:00 Real Salt Lake           2-3 CD Chivas USA

Week 28

Sun Oct/7 17:00 Houston Dynamo           1-2 Los Angeles Galaxy
Sun Oct/7 22:00 Colorado Rapids           1-0 Toronto FC
Thu Oct/11 23:00 FC Dallas           0-0 CD Chivas USA
Sat Oct/13 21:30 Washington D.C. United           0-0 Chicago Fire
Sat Oct/13 21:30 New England Revolution           2-3 Columbus Crew
Sat Oct/13 21:30 New York Red Bulls           2-1 Kansas City Wizards

Week 29

Sun Oct/14 00:30 Los Angeles Galaxy           2-1 Toronto FC
Sun Oct/14 17:00 CD Chivas USA           1-2 Colorado Rapids
Mon Oct/15 23:00 Real Salt Lake           0-1 Houston Dynamo
Fri Oct/19 01:00 Los Angeles Galaxy           1-1 New York Red Bulls
Sat Oct/20 14:30 Toronto FC           2-2 New England Revolution
Sat Oct/20 21:30 Washington D.C. United           2-3 Columbus Crew
Sat Oct/20 22:30 FC Dallas           0-2 Kansas City Wizards
Sat Oct/20 23:00 Colorado Rapids           0-1 Real Salt Lake

Week 30

Sun Oct/21 00:30 CD Chivas USA           0-0 Houston Dynamo
Sun Oct/21 17:00 Chicago Fire           1-0 Los Angeles Galaxy
Thu Oct/25 22:30 Chicago Fire           1-0 Washington D.C. United
Sat Oct/27 21:30 New York Red Bulls           0-0 New England Revolution
Sat Oct/27 22:00 FC Dallas           1-0 Houston Dynamo
Sat Oct/27 22:00 Kansas City Wizards           1-0 CD Chivas USA

Week 31

Thu Nov/1 21:45 Washington D.C. United           2-2 Chicago Fire
Fri Nov/2 22:30 Houston Dynamo           2-1 FC Dallas
Sat Nov/3 21:30 New England Revolution           1-0 New York Red Bulls

Week 32

Sun Nov/4 00:30 CD Chivas USA           0-0 Kansas City Wizards
Thu Nov/8 21:30 New England Revolution           1-0 Chicago Fire
Sat Nov/10 22:30 Houston Dynamo           2-0 Kansas City Wizards

Week 33

Sun Nov/18 14:15 New England Revolution           1-2 Houston Dynamo
