
# Qualifying


Week 1

Thu Mar/25 23:55 Seattle Sounders           2-0 Philadelphia Union
Sat Mar/27 00:30 CD Chivas USA           0-1 Colorado Rapids
Sat Mar/27 18:00 Columbus Crew           2-0 Toronto FC
Sat Mar/27 18:00 FC Dallas           1-1 Houston Dynamo
Sat Mar/27 21:00 New York Red Bulls           1-0 Chicago Fire
Sat Mar/27 22:30 Kansas City Wizards           4-0 Washington D.C. United
Sat Mar/27 23:00 San Jose Earthquakes           0-3 Real Salt Lake

Week 2

Sun Mar/28 01:00 Los Angeles Galaxy           1-0 New England Revolution
Thu Apr/1 23:00 Houston Dynamo           2-1 Real Salt Lake
Fri Apr/2 01:15 Los Angeles Galaxy           2-0 CD Chivas USA
Sat Apr/3 18:00 Colorado Rapids           2-2 Chicago Fire
Sat Apr/3 21:30 Washington D.C. United           0-2 New England Revolution

Week 3

Sun Apr/4 00:30 Seattle Sounders           0-1 New York Red Bulls
Sat Apr/10 18:00 CD Chivas USA           2-0 New York Red Bulls
Sat Apr/10 20:00 Philadelphia Union           3-2 Washington D.C. United
Sat Apr/10 21:30 New England Revolution           4-1 Toronto FC
Sat Apr/10 22:30 FC Dallas           2-2 Columbus Crew
Sat Apr/10 22:30 Houston Dynamo           0-2 Los Angeles Galaxy
Sat Apr/10 22:30 Kansas City Wizards           1-0 Colorado Rapids
Sat Apr/10 22:30 Chicago Fire           1-2 San Jose Earthquakes
Sat Apr/10 23:00 Real Salt Lake           2-2 Seattle Sounders

Week 4

Thu Apr/15 21:15 Toronto FC           2-1 Philadelphia Union
Sat Apr/17 17:00 Seattle Sounders           1-0 Kansas City Wizards
Sat Apr/17 18:00 Houston Dynamo           3-0 CD Chivas USA
Sat Apr/17 21:30 Washington D.C. United           0-2 Chicago Fire
Sat Apr/17 21:30 New York Red Bulls           2-1 FC Dallas

Week 5

Sun Apr/18 00:00 San Jose Earthquakes           2-0 New England Revolution
Sun Apr/18 00:30 Los Angeles Galaxy           2-1 Real Salt Lake
Sun Apr/18 19:00 Colorado Rapids           3-1 Toronto FC
Thu Apr/22 22:10 FC Dallas           2-2 Seattle Sounders
Sat Apr/24 18:00 New York Red Bulls           2-1 Philadelphia Union
Sat Apr/24 21:30 Columbus Crew           1-0 Real Salt Lake
Sat Apr/24 21:30 New England Revolution           1-2 Colorado Rapids
Sat Apr/24 22:30 Chicago Fire           2-0 Houston Dynamo
Sat Apr/24 22:30 Kansas City Wizards           0-0 Los Angeles Galaxy

Week 6

Sun Apr/25 00:30 CD Chivas USA           3-2 San Jose Earthquakes
Sun Apr/25 16:00 Toronto FC           2-0 Seattle Sounders
Sat May/1 18:00 Washington D.C. United           0-2 New York Red Bulls
Sat May/1 21:30 New England Revolution           1-1 FC Dallas
Sat May/1 22:30 Houston Dynamo           3-0 Kansas City Wizards
Sat May/1 22:30 Chicago Fire           1-1 CD Chivas USA
Sat May/1 23:00 Real Salt Lake           2-1 Toronto FC

Week 7

Sun May/2 00:00 San Jose Earthquakes           1-0 Colorado Rapids
Sun May/2 00:30 Los Angeles Galaxy           3-1 Philadelphia Union
Sun May/2 00:30 Seattle Sounders           1-1 Columbus Crew
Wed May/5 21:00 Washington D.C. United           2-1 Kansas City Wizards
Wed May/5 21:30 New England Revolution           0-4 CD Chivas USA
Wed May/5 23:00 Houston Dynamo           0-1 FC Dallas
Wed May/5 23:30 Colorado Rapids           0-1 Los Angeles Galaxy
Sat May/8 18:00 Seattle Sounders           0-4 Los Angeles Galaxy
Sat May/8 18:00 Toronto FC           4-1 Chicago Fire
Sat May/8 18:00 Real Salt Lake           3-0 Philadelphia Union
Sat May/8 21:00 Columbus Crew           3-2 New England Revolution
Sat May/8 23:00 FC Dallas           1-0 Washington D.C. United

Week 8

Sun May/9 00:00 San Jose Earthquakes           4-0 New York Red Bulls
Sun May/9 00:30 CD Chivas USA           0-2 Houston Dynamo
Thu May/13 23:00 Real Salt Lake           3-1 Houston Dynamo
Sat May/15 18:00 Philadelphia Union           1-1 FC Dallas
Sat May/15 20:00 New England Revolution           0-0 San Jose Earthquakes
Sat May/15 21:30 Columbus Crew           1-0 CD Chivas USA
Sat May/15 21:30 Washington D.C. United           0-1 Colorado Rapids
Sat May/15 21:30 New York Red Bulls           0-1 Seattle Sounders
Sat May/15 22:30 Kansas City Wizards           2-2 Chicago Fire

Week 9

Sun May/16 00:30 Los Angeles Galaxy           0-0 Toronto FC
Thu May/20 22:00 New York Red Bulls           1-3 Columbus Crew
Thu May/20 22:30 FC Dallas           0-1 Los Angeles Galaxy
Sat May/22 15:00 Toronto FC           1-0 New England Revolution
Sat May/22 17:00 Seattle Sounders           0-1 San Jose Earthquakes
Sat May/22 22:00 Houston Dynamo           2-0 Washington D.C. United

Week 10

Sun May/23 00:30 CD Chivas USA           1-2 Real Salt Lake
Sun May/23 18:00 Kansas City Wizards           0-1 Columbus Crew
Thu May/27 22:00 Chicago Fire           1-1 FC Dallas
Sat May/29 21:30 Columbus Crew           0-2 Los Angeles Galaxy
Sat May/29 21:30 Washington D.C. United           3-2 CD Chivas USA
Sat May/29 22:00 New England Revolution           3-2 New York Red Bulls
Sat May/29 22:30 Houston Dynamo           2-3 Philadelphia Union
Sat May/29 23:00 Colorado Rapids           1-0 Seattle Sounders
Sat May/29 23:00 Real Salt Lake           4-1 Kansas City Wizards

Week 11

Sun May/30 00:00 San Jose Earthquakes           1-3 Toronto FC
Wed Jun/2 21:30 New York Red Bulls           2-1 Houston Dynamo
Thu Jun/3 00:00 San Jose Earthquakes           2-2 Columbus Crew
Sat Jun/5 18:05 Toronto FC           0-0 Kansas City Wizards
Sat Jun/5 21:30 Washington D.C. United           0-0 Real Salt Lake
Sat Jun/5 21:30 New York Red Bulls           1-0 CD Chivas USA
Sat Jun/5 22:00 Los Angeles Galaxy           4-1 Houston Dynamo
Sat Jun/5 22:30 Chicago Fire           2-1 Philadelphia Union
Sat Jun/5 22:30 FC Dallas           2-0 San Jose Earthquakes
Sat Jun/5 23:00 Colorado Rapids           1-0 Columbus Crew

Week 12

Sun Jun/6 00:30 Seattle Sounders           3-0 New England Revolution
Wed Jun/9 23:00 Chicago Fire           2-2 Colorado Rapids
Wed Jun/9 23:00 Real Salt Lake           1-0 Los Angeles Galaxy
Thu Jun/10 22:00 Kansas City Wizards           2-0 Philadelphia Union
Fri Jun/11 00:00 Seattle Sounders           2-3 Washington D.C. United

Week 13

Fri Jun/25 23:00 Real Salt Lake           0-0 San Jose Earthquakes
Sat Jun/26 21:30 Columbus Crew           2-0 Washington D.C. United
Sat Jun/26 21:30 Toronto FC           0-0 Los Angeles Galaxy
Sat Jun/26 22:30 Houston Dynamo           2-2 Colorado Rapids
Sat Jun/26 22:30 Kansas City Wizards           0-3 New York Red Bulls

Week 14

Sun Jun/27 00:30 CD Chivas USA           1-2 FC Dallas
Sun Jun/27 19:00 Philadelphia Union           3-1 Seattle Sounders
Sun Jun/27 21:05 New England Revolution           0-1 Chicago Fire
Thu Jul/1 21:00 Toronto FC           1-1 Houston Dynamo
Sat Jul/3 00:00 Real Salt Lake           5-0 New England Revolution
Sat Jul/3 22:00 Columbus Crew           2-1 Chicago Fire
Sat Jul/3 22:30 FC Dallas           1-0 Kansas City Wizards

Week 15

Sun Jul/4 00:00 San Jose Earthquakes           1-1 Washington D.C. United
Sun Jul/4 00:30 CD Chivas USA           1-1 Philadelphia Union
Sun Jul/4 23:00 Colorado Rapids           1-1 New York Red Bulls
Mon Jul/5 00:30 Los Angeles Galaxy           3-1 Seattle Sounders
Thu Jul/8 23:30 Chicago Fire           0-1 Real Salt Lake
Sat Jul/10 13:59 Toronto FC           1-0 Colorado Rapids
Sat Jul/10 20:00 Philadelphia Union           1-2 San Jose Earthquakes
Sat Jul/10 21:35 New York Red Bulls           0-0 Washington D.C. United
Sat Jul/10 21:35 New England Revolution           2-0 Los Angeles Galaxy
Sat Jul/10 22:35 Houston Dynamo           0-0 Columbus Crew
Sat Jul/10 22:35 Kansas City Wizards           0-2 CD Chivas USA

Week 16

Mon Jul/12 00:30 Seattle Sounders           1-1 FC Dallas
Wed Jul/14 21:30 Columbus Crew           0-1 Kansas City Wizards
Thu Jul/15 22:00 Washington D.C. United           0-1 Seattle Sounders
Sat Jul/17 17:30 Philadelphia Union           2-1 Toronto FC
Sat Jul/17 21:30 Columbus Crew           2-0 New York Red Bulls
Sat Jul/17 22:30 FC Dallas           2-0 Real Salt Lake
Sat Jul/17 23:00 Colorado Rapids           1-1 Kansas City Wizards

Week 17

Sun Jul/18 21:30 Washington D.C. United           1-2 Los Angeles Galaxy
Fri Jul/23 00:30 Los Angeles Galaxy           2-2 San Jose Earthquakes
Sat Jul/24 18:00 Toronto FC           1-1 FC Dallas
Sat Jul/24 21:30 Columbus Crew           3-0 Houston Dynamo

Week 18

Sun Jul/25 00:00 Real Salt Lake           1-1 CD Chivas USA
Mon Jul/26 00:30 Seattle Sounders           2-1 Colorado Rapids
Sat Jul/31 17:30 Philadelphia Union           1-1 New England Revolution
Sat Jul/31 18:00 Colorado Rapids           1-1 FC Dallas
Sat Jul/31 22:30 Houston Dynamo           2-2 New York Red Bulls
Sat Jul/31 22:30 Kansas City Wizards           1-0 Toronto FC
Sat Jul/31 23:00 Real Salt Lake           3-0 Washington D.C. United

Week 19

Sun Aug/1 00:00 San Jose Earthquakes           0-1 Seattle Sounders
Sun Aug/1 00:30 CD Chivas USA           3-1 Columbus Crew
Sun Aug/1 21:30 Los Angeles Galaxy           2-3 Chicago Fire
Thu Aug/5 22:00 Philadelphia Union           1-2 Columbus Crew
Sat Aug/7 18:00 Toronto FC           2-1 CD Chivas USA
Sat Aug/7 21:30 New England Revolution           1-0 Washington D.C. United
Sat Aug/7 22:30 Kansas City Wizards           1-1 Real Salt Lake
Sat Aug/7 23:00 Colorado Rapids           1-0 San Jose Earthquakes

Week 20

Sun Aug/8 20:05 FC Dallas           3-1 Philadelphia Union
Sun Aug/8 23:00 Chicago Fire           0-0 New York Red Bulls
Mon Aug/9 01:00 Seattle Sounders           2-0 Houston Dynamo
Wed Aug/11 21:30 New York Red Bulls           1-0 Toronto FC
Wed Aug/11 21:30 Philadelphia Union           1-1 Real Salt Lake
Sat Aug/14 18:00 Philadelphia Union           1-1 Colorado Rapids
Sat Aug/14 20:00 New York Red Bulls           0-1 Los Angeles Galaxy
Sat Aug/14 22:00 Washington D.C. United           1-3 FC Dallas
Sat Aug/14 22:00 New England Revolution           1-0 Houston Dynamo
Sat Aug/14 23:00 Real Salt Lake           2-0 Columbus Crew

Week 21

Sun Aug/15 00:00 San Jose Earthquakes           1-0 Kansas City Wizards
Sun Aug/15 01:00 CD Chivas USA           0-0 Seattle Sounders
Wed Aug/18 22:30 Chicago Fire           2-1 New England Revolution
Sat Aug/21 15:00 Toronto FC           1-4 New York Red Bulls
Sat Aug/21 18:00 San Jose Earthquakes           1-0 Los Angeles Galaxy
Sat Aug/21 21:30 Columbus Crew           3-1 Colorado Rapids
Sat Aug/21 22:30 FC Dallas           1-0 CD Chivas USA
Sat Aug/21 22:30 Kansas City Wizards           4-1 New England Revolution
Sat Aug/21 22:30 Houston Dynamo           4-3 Chicago Fire

Week 22

Sun Aug/22 16:00 Washington D.C. United           2-0 Philadelphia Union
Sat Aug/28 18:00 Columbus Crew           0-0 FC Dallas
Sat Aug/28 21:00 Toronto FC           0-0 Real Salt Lake
Sat Aug/28 21:30 New England Revolution           1-2 Philadelphia Union
Sat Aug/28 21:30 New York Red Bulls           2-0 San Jose Earthquakes
Sat Aug/28 23:30 Colorado Rapids           3-0 Houston Dynamo

Week 23

Sun Aug/29 00:37 Los Angeles Galaxy           0-2 Kansas City Wizards
Sun Aug/29 00:37 Seattle Sounders           2-1 Chicago Fire
Mon Aug/30 00:15 CD Chivas USA           1-0 Washington D.C. United
Sat Sep/4 17:30 Philadelphia Union           1-1 Kansas City Wizards
Sat Sep/4 18:00 Chicago Fire           1-1 Los Angeles Galaxy
Sat Sep/4 21:30 Washington D.C. United           0-1 Columbus Crew
Sat Sep/4 21:30 New England Revolution           3-1 Seattle Sounders
Sat Sep/4 22:30 FC Dallas           1-0 Toronto FC
Sat Sep/4 23:00 Real Salt Lake           1-0 New York Red Bulls
Sat Sep/4 23:00 Colorado Rapids           3-0 CD Chivas USA

Week 24

Sun Sep/5 22:30 Houston Dynamo           1-2 San Jose Earthquakes
Wed Sep/8 22:30 Chicago Fire           0-0 Toronto FC
Fri Sep/10 01:00 Seattle Sounders           0-0 Real Salt Lake
Sat Sep/11 00:40 CD Chivas USA           2-0 New England Revolution
Sat Sep/11 18:00 Toronto FC           0-1 Washington D.C. United
Sat Sep/11 18:00 New York Red Bulls           3-1 Colorado Rapids
Sat Sep/11 20:00 Philadelphia Union           1-0 Chicago Fire

Week 25

Sun Sep/12 00:00 San Jose Earthquakes           0-0 FC Dallas
Sun Sep/12 00:30 Los Angeles Galaxy           3-1 Columbus Crew
Thu Sep/16 00:00 San Jose Earthquakes           1-0 Philadelphia Union
Thu Sep/16 23:00 FC Dallas           2-2 New York Red Bulls
Sat Sep/18 18:00 Real Salt Lake           1-0 Chicago Fire
Sat Sep/18 21:30 Columbus Crew           0-4 Seattle Sounders
Sat Sep/18 22:30 Houston Dynamo           1-2 Toronto FC
Sat Sep/18 23:00 Colorado Rapids           3-0 New England Revolution

Week 26

Sun Sep/19 00:30 Los Angeles Galaxy           2-1 Washington D.C. United
Sun Sep/19 22:00 CD Chivas USA           0-2 Kansas City Wizards
Wed Sep/22 22:30 Kansas City Wizards           4-3 Houston Dynamo
Wed Sep/22 22:30 FC Dallas           2-2 New England Revolution
Sat Sep/25 01:10 Los Angeles Galaxy           0-2 New York Red Bulls
Sat Sep/25 18:00 Philadelphia Union           3-0 CD Chivas USA
Sat Sep/25 18:00 Toronto FC           2-3 San Jose Earthquakes
Sat Sep/25 21:37 Washington D.C. United           1-3 Houston Dynamo
Sat Sep/25 21:37 New England Revolution           2-2 Columbus Crew
Sat Sep/25 22:00 Chicago Fire           0-1 Seattle Sounders
Sat Sep/25 22:00 Kansas City Wizards           1-3 FC Dallas

Week 27

Sun Sep/26 00:00 Real Salt Lake           1-1 Colorado Rapids
Wed Sep/29 23:30 Colorado Rapids           4-1 Philadelphia Union
Thu Sep/30 01:00 San Jose Earthquakes           0-3 Chicago Fire
Sat Oct/2 17:30 Seattle Sounders           3-2 Toronto FC
Sat Oct/2 18:00 Philadelphia Union           1-1 Houston Dynamo
Sat Oct/2 21:35 Columbus Crew           0-0 San Jose Earthquakes
Sat Oct/2 21:35 New England Revolution           1-2 Real Salt Lake
Sat Oct/2 21:35 New York Red Bulls           1-0 Kansas City Wizards
Sat Oct/2 22:30 FC Dallas           3-0 Chicago Fire
Sat Oct/2 23:00 Colorado Rapids           0-1 Washington D.C. United

Week 28

Sun Oct/3 22:00 CD Chivas USA           1-2 Los Angeles Galaxy
Thu Oct/7 22:00 Philadelphia Union           0-1 Los Angeles Galaxy
Fri Oct/8 23:00 Chicago Fire           2-0 Columbus Crew
Sat Oct/9 18:00 New York Red Bulls           0-0 Real Salt Lake
Sat Oct/9 20:00 FC Dallas           2-2 Colorado Rapids
Sat Oct/9 21:30 Washington D.C. United           0-2 San Jose Earthquakes
Sat Oct/9 22:30 Kansas City Wizards           1-2 Seattle Sounders

Week 29

Sun Oct/10 00:30 CD Chivas USA           3-0 Toronto FC
Sun Oct/10 22:30 Houston Dynamo           1-2 New England Revolution
Tue Oct/12 22:30 Chicago Fire           0-2 Kansas City Wizards
Sat Oct/16 01:00 Seattle Sounders           2-1 CD Chivas USA
Sat Oct/16 18:00 Chicago Fire           0-0 Washington D.C. United
Sat Oct/16 18:00 Toronto FC           2-2 Columbus Crew
Sat Oct/16 20:00 Philadelphia Union           2-1 New York Red Bulls
Sat Oct/16 22:00 New England Revolution           1-0 Kansas City Wizards
Sat Oct/16 23:00 Real Salt Lake           2-0 FC Dallas

Week 30

Sun Oct/17 00:00 San Jose Earthquakes           0-1 Houston Dynamo
Sun Oct/17 00:30 Los Angeles Galaxy           1-3 Colorado Rapids
Thu Oct/21 00:00 San Jose Earthquakes           3-0 CD Chivas USA
Thu Oct/21 21:50 New York Red Bulls           2-0 New England Revolution
Sat Oct/23 18:00 Houston Dynamo           2-1 Seattle Sounders
Sat Oct/23 21:30 Washington D.C. United           2-3 Toronto FC
Sat Oct/23 22:30 Kansas City Wizards           4-1 San Jose Earthquakes
Sat Oct/23 23:00 Colorado Rapids           2-2 Real Salt Lake

Week 31

Sun Oct/24 01:00 CD Chivas USA           1-4 Chicago Fire
Sun Oct/24 18:00 Columbus Crew           3-1 Philadelphia Union
Sun Oct/24 22:00 Los Angeles Galaxy           2-1 FC Dallas


# Quarter Final


Week 32

Thu Oct/28 23:15 Colorado Rapids           1-0 Columbus Crew
Sat Oct/30 19:00 FC Dallas           2-1 Real Salt Lake

Week 33

Sun Oct/31 00:00 San Jose Earthquakes           0-1 New York Red Bulls
Sun Oct/31 22:20 Seattle Sounders           0-1 Los Angeles Galaxy
Thu Nov/4 22:20 New York Red Bulls           1-3 San Jose Earthquakes
Sat Nov/6 18:00 Columbus Crew           2-1 Colorado Rapids

Week 34

Sun Nov/7 00:00 Real Salt Lake           1-1 FC Dallas
Sun Nov/7 23:20 Los Angeles Galaxy           2-1 Seattle Sounders


# Semifinal


Week 35

Sat Nov/13 23:30 Colorado Rapids           1-0 San Jose Earthquakes

Week 36

Sun Nov/14 23:00 Los Angeles Galaxy           0-3 FC Dallas


# Final


Week 37

Sun Nov/21 22:55 Colorado Rapids           1-1 FC Dallas

