
# Qualifying


Week 1

Sat Mar/10 20:00 Colorado Rapids           2-0 Columbus Crew
Sat Mar/10 20:00 Vancouver Whitecaps FC           2-0 Montreal Impact
Sat Mar/10 21:30 Washington D.C. United           0-1 Sporting Kansas City

Week 2

Sun Mar/11 00:30 San Jose Earthquakes           1-0 New England Revolution
Sun Mar/11 00:30 Los Angeles Galaxy           1-3 Real Salt Lake
Sun Mar/11 17:20 FC Dallas           2-1 New York Red Bulls
Sun Mar/11 21:00 CD Chivas USA           0-1 Houston Dynamo
Mon Mar/12 23:50 Portland Timbers           3-1 Philadelphia Union
Sat Mar/17 16:00 Montreal Impact           1-1 Chicago Fire
Sat Mar/17 19:00 San Jose Earthquakes           0-1 Houston Dynamo
Sat Mar/17 22:30 FC Dallas           1-1 Portland Timbers
Sat Mar/17 22:30 Sporting Kansas City           3-0 New England Revolution

Week 3

Sun Mar/18 00:07 Seattle Sounders           3-1 Toronto FC
Sun Mar/18 00:15 Real Salt Lake           2-0 New York Red Bulls
Sun Mar/18 00:30 CD Chivas USA           0-1 Vancouver Whitecaps FC
Sun Mar/18 18:15 Philadelphia Union           1-2 Colorado Rapids
Sun Mar/18 21:00 Los Angeles Galaxy           3-1 Washington D.C. United
Sat Mar/24 00:20 Seattle Sounders           2-0 Houston Dynamo
Sat Mar/24 15:00 Toronto FC           0-3 San Jose Earthquakes
Sat Mar/24 18:00 New England Revolution           1-0 Portland Timbers
Sat Mar/24 18:00 Columbus Crew           2-0 Montreal Impact
Sat Mar/24 22:30 Chicago Fire           1-0 Philadelphia Union
Sat Mar/24 23:00 Real Salt Lake           0-1 CD Chivas USA

Week 4

Sun Mar/25 00:00 Vancouver Whitecaps FC           0-0 Washington D.C. United
Sun Mar/25 18:00 New York Red Bulls           4-1 Colorado Rapids
Sun Mar/25 21:00 Sporting Kansas City           2-1 FC Dallas
Fri Mar/30 21:50 Washington D.C. United           4-1 FC Dallas
Sat Mar/31 16:00 Toronto FC           0-1 Columbus Crew
Sat Mar/31 18:00 New York Red Bulls           5-2 Montreal Impact
Sat Mar/31 18:00 Philadelphia Union           0-0 Vancouver Whitecaps FC

Week 5

Sun Apr/1 00:00 Portland Timbers           2-3 Real Salt Lake
Sun Apr/1 00:00 Seattle Sounders           0-1 San Jose Earthquakes
Sun Apr/1 01:25 Los Angeles Galaxy           1-3 New England Revolution
Sun Apr/1 21:00 Colorado Rapids           2-0 Chicago Fire
Sun Apr/1 23:00 CD Chivas USA           0-1 Sporting Kansas City
Wed Apr/4 23:00 Real Salt Lake           1-0 Montreal Impact
Thu Apr/5 22:30 FC Dallas           1-0 New England Revolution
Sat Apr/7 13:59 Montreal Impact           2-1 Toronto FC
Sat Apr/7 17:00 Columbus Crew           1-4 New York Red Bulls
Sat Apr/7 18:00 Sporting Kansas City           1-0 Los Angeles Galaxy
Sat Apr/7 21:00 San Jose Earthquakes           3-1 Vancouver Whitecaps FC
Sat Apr/7 21:30 Washington D.C. United           0-0 Seattle Sounders
Sat Apr/7 23:07 Real Salt Lake           2-0 Colorado Rapids

Week 6

Sun Apr/8 00:30 Portland Timbers           1-2 CD Chivas USA
Sat Apr/14 17:30 Philadelphia Union           1-0 Columbus Crew
Sat Apr/14 18:00 New England Revolution           1-2 Washington D.C. United
Sat Apr/14 18:00 Seattle Sounders           1-0 Colorado Rapids
Sat Apr/14 18:30 Toronto FC           0-1 CD Chivas USA
Sat Apr/14 21:00 New York Red Bulls           2-2 San Jose Earthquakes
Sat Apr/14 22:30 FC Dallas           2-1 Montreal Impact
Sat Apr/14 22:30 Sporting Kansas City           1-0 Real Salt Lake

Week 7

Sun Apr/15 00:30 Los Angeles Galaxy           3-1 Portland Timbers
Sun Apr/15 21:00 Chicago Fire           1-1 Houston Dynamo
Wed Apr/18 21:30 Washington D.C. United           1-1 Montreal Impact
Thu Apr/19 00:00 Vancouver Whitecaps FC           1-3 Sporting Kansas City
Sat Apr/21 17:50 Toronto FC           2-3 Chicago Fire
Sat Apr/21 21:30 Columbus Crew           2-2 Houston Dynamo
Sat Apr/21 23:00 Colorado Rapids           1-2 Los Angeles Galaxy

Week 8

Sun Apr/22 00:00 Vancouver Whitecaps FC           1-0 FC Dallas
Sun Apr/22 00:30 Portland Timbers           1-0 Sporting Kansas City
Sun Apr/22 00:30 CD Chivas USA           0-1 Philadelphia Union
Sun Apr/22 00:30 San Jose Earthquakes           3-1 Real Salt Lake
Sun Apr/22 20:00 Washington D.C. United           4-1 New York Red Bulls
Wed Apr/25 22:30 FC Dallas           1-1 Real Salt Lake
Sat Apr/28 16:00 Montreal Impact           2-0 Portland Timbers
Sat Apr/28 17:50 New York Red Bulls           1-0 New England Revolution
Sat Apr/28 21:00 Philadelphia Union           1-2 San Jose Earthquakes
Sat Apr/28 21:30 Washington D.C. United           3-2 Houston Dynamo
Sat Apr/28 21:30 Columbus Crew           0-1 Vancouver Whitecaps FC
Sat Apr/28 22:30 Chicago Fire           1-2 Seattle Sounders
Sat Apr/28 23:00 Real Salt Lake           3-2 Toronto FC
Sat Apr/28 23:00 Colorado Rapids           4-0 CD Chivas USA

Week 9

Sun Apr/29 00:30 Los Angeles Galaxy           1-1 FC Dallas
Wed May/2 22:00 New England Revolution           2-1 Colorado Rapids
Thu May/3 00:00 Seattle Sounders           2-0 Los Angeles Galaxy
Thu May/3 00:30 San Jose Earthquakes           5-3 Washington D.C. United
Sat May/5 01:00 CD Chivas USA           1-2 Chicago Fire
Sat May/5 18:00 Toronto FC           0-2 Washington D.C. United
Sat May/5 18:30 Seattle Sounders           1-0 Philadelphia Union
Sat May/5 21:00 Vancouver Whitecaps FC           2-1 San Jose Earthquakes
Sat May/5 22:10 Los Angeles Galaxy           0-1 New York Red Bulls
Sat May/5 22:30 Sporting Kansas City           0-2 Montreal Impact
Sat May/5 23:00 Real Salt Lake           2-1 New England Revolution

Week 10

Sun May/6 00:30 Portland Timbers           0-0 Columbus Crew
Sun May/6 21:00 FC Dallas           0-2 Colorado Rapids
Wed May/9 21:00 New York Red Bulls           1-0 Houston Dynamo
Wed May/9 22:30 Chicago Fire           0-0 Real Salt Lake
Wed May/9 22:30 FC Dallas           0-2 Seattle Sounders
Sat May/12 18:00 Montreal Impact           1-1 Los Angeles Galaxy
Sat May/12 19:00 Houston Dynamo           1-0 Washington D.C. United
Sat May/12 21:30 New England Revolution           4-1 Vancouver Whitecaps FC
Sat May/12 21:30 Columbus Crew           2-1 FC Dallas
Sat May/12 22:30 Chicago Fire           2-1 Sporting Kansas City

Week 11

Sun May/13 00:00 Seattle Sounders           0-1 Real Salt Lake
Sun May/13 14:30 Philadelphia Union           2-3 New York Red Bulls
Sun May/13 21:00 San Jose Earthquakes           1-1 CD Chivas USA
Tue May/15 22:30 Houston Dynamo           0-0 Portland Timbers
Wed May/16 21:30 Washington D.C. United           2-0 Colorado Rapids
Sat May/19 19:00 Vancouver Whitecaps FC           2-2 Seattle Sounders
Sat May/19 21:30 Montreal Impact           1-2 New York Red Bulls
Sat May/19 21:30 Washington D.C. United           3-1 Toronto FC
Sat May/19 21:30 New England Revolution           2-2 Houston Dynamo
Sat May/19 22:30 FC Dallas           1-1 Philadelphia Union
Sat May/19 23:00 Colorado Rapids           2-2 Sporting Kansas City

Week 12

Sun May/20 00:35 CD Chivas USA           1-0 Los Angeles Galaxy
Sun May/20 00:35 San Jose Earthquakes           1-1 Columbus Crew
Sun May/20 21:00 Portland Timbers           2-1 Chicago Fire
Wed May/23 21:00 New York Red Bulls           1-1 CD Chivas USA
Wed May/23 22:30 Chicago Fire           2-1 FC Dallas
Thu May/24 00:00 Seattle Sounders           0-2 Columbus Crew
Thu May/24 00:30 Los Angeles Galaxy           2-3 San Jose Earthquakes
Sat May/26 16:50 Houston Dynamo           2-1 Los Angeles Galaxy
Sat May/26 18:30 Toronto FC           1-0 Philadelphia Union
Sat May/26 21:00 Columbus Crew           2-1 Chicago Fire
Sat May/26 21:30 Washington D.C. United           3-2 New England Revolution
Sat May/26 23:00 Real Salt Lake           3-2 FC Dallas
Sat May/26 23:00 Colorado Rapids           3-2 Montreal Impact

Week 13

Sun May/27 00:00 Portland Timbers           1-1 Vancouver Whitecaps FC
Sun May/27 00:30 CD Chivas USA           1-1 Seattle Sounders
Sun May/27 18:50 Sporting Kansas City           2-1 San Jose Earthquakes
Sat Jun/2 21:40 New England Revolution           2-0 Chicago Fire

Week 14

Sun Jun/10 21:05 Vancouver Whitecaps FC           3-1 Houston Dynamo
Sat Jun/16 21:00 Vancouver Whitecaps FC           1-0 Colorado Rapids
Sat Jun/16 21:15 Philadelphia Union           0-1 Washington D.C. United
Sat Jun/16 21:30 Houston Dynamo           2-1 FC Dallas
Sat Jun/16 21:30 Montreal Impact           4-1 Seattle Sounders
Sat Jun/16 21:30 New England Revolution           0-0 Columbus Crew
Sat Jun/16 22:30 Sporting Kansas City           2-0 Toronto FC

Week 15

Sun Jun/17 00:30 CD Chivas USA           0-3 Real Salt Lake
Sun Jun/17 19:20 Chicago Fire           3-1 New York Red Bulls
Sun Jun/17 21:10 Los Angeles Galaxy           1-0 Portland Timbers
Wed Jun/20 23:10 Houston Dynamo           3-3 Toronto FC
Wed Jun/20 23:15 Real Salt Lake           2-3 Los Angeles Galaxy
Wed Jun/20 23:30 Colorado Rapids           1-2 San Jose Earthquakes
Thu Jun/21 00:00 Seattle Sounders           1-1 Sporting Kansas City
Thu Jun/21 00:30 CD Chivas USA           2-1 Montreal Impact
Thu Jun/21 01:00 Vancouver Whitecaps FC           1-1 New York Red Bulls
Sat Jun/23 19:30 Toronto FC           2-2 New England Revolution
Sat Jun/23 21:00 Philadelphia Union           4-0 Sporting Kansas City
Sat Jun/23 21:40 Montreal Impact           4-2 Houston Dynamo
Sat Jun/23 22:30 Chicago Fire           2-1 Columbus Crew
Sat Jun/23 23:00 Real Salt Lake           1-2 San Jose Earthquakes
Sat Jun/23 23:00 FC Dallas           0-0 CD Chivas USA

Week 16

Sun Jun/24 00:30 Los Angeles Galaxy           3-0 Vancouver Whitecaps FC
Sun Jun/24 19:10 Portland Timbers           2-1 Seattle Sounders
Sun Jun/24 21:20 New York Red Bulls           3-2 Washington D.C. United
Wed Jun/27 21:40 Montreal Impact           0-3 Toronto FC
Fri Jun/29 22:00 Sporting Kansas City           0-1 Chicago Fire
Sat Jun/30 21:00 Toronto FC           1-1 New York Red Bulls
Sat Jun/30 21:30 Washington D.C. United           3-0 Montreal Impact
Sat Jun/30 21:30 New England Revolution           2-2 Seattle Sounders
Sat Jun/30 22:37 Houston Dynamo           2-1 Philadelphia Union
Sat Jun/30 23:00 Columbus Crew           2-0 Real Salt Lake
Sat Jun/30 23:00 Colorado Rapids           3-0 Portland Timbers

Week 17

Sun Jul/1 00:00 San Jose Earthquakes           4-3 Los Angeles Galaxy
Tue Jul/3 22:30 Houston Dynamo           0-0 Chicago Fire
Wed Jul/4 00:30 Portland Timbers           2-1 San Jose Earthquakes
Wed Jul/4 21:00 Montreal Impact           1-3 Sporting Kansas City
Wed Jul/4 23:00 FC Dallas           1-1 Toronto FC
Wed Jul/4 23:30 Colorado Rapids           0-1 Vancouver Whitecaps FC
Thu Jul/5 00:00 Real Salt Lake           0-0 Seattle Sounders
Thu Jul/5 00:30 Los Angeles Galaxy           1-2 Philadelphia Union
Sat Jul/7 22:00 Sporting Kansas City           0-0 Houston Dynamo
Sat Jul/7 23:00 Real Salt Lake           3-0 Portland Timbers
Sat Jul/7 23:00 FC Dallas           0-0 San Jose Earthquakes

Week 18

Sun Jul/8 00:30 CD Chivas USA           0-0 Vancouver Whitecaps FC
Sun Jul/8 01:20 Seattle Sounders           2-1 Colorado Rapids
Sun Jul/8 17:00 Chicago Fire           0-2 Los Angeles Galaxy
Sun Jul/8 18:00 Philadelphia Union           3-0 Toronto FC
Sun Jul/8 21:00 New England Revolution           2-0 New York Red Bulls
Sun Jul/8 21:30 Montreal Impact           2-1 Columbus Crew
Wed Jul/11 21:00 Toronto FC           3-2 Vancouver Whitecaps FC
Sat Jul/14 21:00 Philadelphia Union           2-1 Montreal Impact
Sat Jul/14 21:30 New England Revolution           0-1 Toronto FC
Sat Jul/14 21:30 Columbus Crew           0-2 Sporting Kansas City
Sat Jul/14 22:30 Chicago Fire           1-0 Vancouver Whitecaps FC
Sat Jul/14 23:00 Colorado Rapids           1-2 FC Dallas

Week 19

Sun Jul/15 00:30 San Jose Earthquakes           5-0 Real Salt Lake
Sun Jul/15 01:20 Portland Timbers           3-5 Los Angeles Galaxy
Sun Jul/15 18:00 New York Red Bulls           2-2 Seattle Sounders
Sun Jul/15 23:00 Houston Dynamo           4-0 Washington D.C. United
Wed Jul/18 15:00 New York Red Bulls           1-0 Chicago Fire
Wed Jul/18 18:00 CD Chivas USA           1-0 Portland Timbers
Wed Jul/18 21:00 Toronto FC           2-1 Colorado Rapids
Wed Jul/18 22:00 Montreal Impact           2-1 New England Revolution
Wed Jul/18 22:30 Houston Dynamo           2-1 Sporting Kansas City
Thu Jul/19 00:00 Vancouver Whitecaps FC           2-2 Los Angeles Galaxy
Thu Jul/19 01:20 San Jose Earthquakes           2-1 FC Dallas
Sat Jul/21 16:40 New York Red Bulls           2-0 Philadelphia Union
Sat Jul/21 21:30 Columbus Crew           1-0 Washington D.C. United
Sat Jul/21 22:30 Houston Dynamo           3-0 Montreal Impact
Sat Jul/21 22:30 Sporting Kansas City           0-0 New England Revolution
Sat Jul/21 23:00 FC Dallas           5-0 Portland Timbers

Week 20

Sun Jul/22 00:00 Real Salt Lake           2-0 Colorado Rapids
Sun Jul/22 00:00 Los Angeles Galaxy           3-1 CD Chivas USA
Sun Jul/22 21:00 Vancouver Whitecaps FC           2-1 San Jose Earthquakes
Fri Jul/27 23:00 Real Salt Lake           2-1 Vancouver Whitecaps FC
Sat Jul/28 18:30 Toronto FC           0-2 Houston Dynamo
Sat Jul/28 21:40 Montreal Impact           3-1 New York Red Bulls
Sat Jul/28 22:20 FC Dallas           0-1 Los Angeles Galaxy
Sat Jul/28 22:30 Sporting Kansas City           1-2 Columbus Crew
Sat Jul/28 23:00 Colorado Rapids           1-2 Seattle Sounders

Week 21

Sun Jul/29 00:30 San Jose Earthquakes           1-1 Chicago Fire
Sun Jul/29 01:05 Portland Timbers           0-1 CD Chivas USA
Sun Jul/29 21:25 Philadelphia Union           2-1 New England Revolution
Fri Aug/3 22:20 Houston Dynamo           2-0 New York Red Bulls
Sat Aug/4 21:30 Washington D.C. United           1-0 Columbus Crew
Sat Aug/4 21:30 New England Revolution           0-1 Sporting Kansas City
Sat Aug/4 21:30 Montreal Impact           2-0 Philadelphia Union
Sat Aug/4 22:30 Chicago Fire           2-1 Toronto FC
Sat Aug/4 23:00 Colorado Rapids           1-0 Real Salt Lake

Week 22

Sun Aug/5 21:20 Portland Timbers           1-1 FC Dallas
Sun Aug/5 23:00 Seattle Sounders           4-0 Los Angeles Galaxy
Fri Aug/10 22:20 New York Red Bulls           2-0 Houston Dynamo
Sat Aug/11 21:00 Vancouver Whitecaps FC           2-1 Real Salt Lake
Sat Aug/11 22:30 Sporting Kansas City           2-1 Washington D.C. United
Sat Aug/11 23:00 FC Dallas           3-2 Colorado Rapids

Week 23

Sun Aug/12 00:30 San Jose Earthquakes           2-1 Seattle Sounders
Sun Aug/12 21:00 New England Revolution           0-1 Montreal Impact
Sun Aug/12 21:00 Philadelphia Union           1-3 Chicago Fire
Mon Aug/13 01:00 CD Chivas USA           0-4 Los Angeles Galaxy
Wed Aug/15 21:00 Columbus Crew           1-1 Los Angeles Galaxy
Wed Aug/15 21:30 Toronto FC           2-2 Portland Timbers
Thu Aug/16 00:00 Vancouver Whitecaps FC           0-2 FC Dallas
Sat Aug/18 18:00 Seattle Sounders           2-0 Vancouver Whitecaps FC
Sat Aug/18 18:30 Toronto FC           0-1 Sporting Kansas City
Sat Aug/18 21:30 Montreal Impact           3-1 San Jose Earthquakes
Sat Aug/18 22:30 Chicago Fire           2-1 New England Revolution
Sat Aug/18 23:00 Real Salt Lake           1-2 FC Dallas
Sat Aug/18 23:00 Colorado Rapids           1-1 CD Chivas USA

Week 24

Sun Aug/19 19:20 Washington D.C. United           1-1 Philadelphia Union
Sun Aug/19 21:00 New York Red Bulls           3-2 Portland Timbers
Sun Aug/19 23:00 Houston Dynamo           2-2 Columbus Crew
Wed Aug/22 21:35 Columbus Crew           2-1 Toronto FC
Wed Aug/22 21:35 Washington D.C. United           4-2 Chicago Fire
Fri Aug/24 21:50 Philadelphia Union           0-0 Real Salt Lake
Sat Aug/25 18:00 Montreal Impact           3-0 Washington D.C. United
Sat Aug/25 21:30 Columbus Crew           4-3 New England Revolution
Sat Aug/25 22:30 Houston Dynamo           1-1 Toronto FC

Week 25

Sun Aug/26 00:30 Portland Timbers           2-1 Vancouver Whitecaps FC
Sun Aug/26 00:30 CD Chivas USA           2-6 Seattle Sounders
Sun Aug/26 00:30 San Jose Earthquakes           4-1 Colorado Rapids
Sun Aug/26 21:25 Los Angeles Galaxy           2-0 FC Dallas
Sun Aug/26 23:00 Sporting Kansas City           1-1 New York Red Bulls
Wed Aug/29 22:00 Washington D.C. United           2-2 New York Red Bulls
Wed Aug/29 22:00 New England Revolution           3-3 CD Chivas USA
Wed Aug/29 22:00 Philadelphia Union           1-2 Columbus Crew
Sat Sep/1 00:50 Portland Timbers           1-0 Colorado Rapids
Sat Sep/1 21:30 New England Revolution           0-0 Philadelphia Union
Sat Sep/1 21:30 Columbus Crew           2-1 Montreal Impact
Sat Sep/1 22:30 Sporting Kansas City           2-1 Toronto FC

Week 26

Sun Sep/2 00:00 Los Angeles Galaxy           2-0 Vancouver Whitecaps FC
Sun Sep/2 00:30 Real Salt Lake           1-0 Washington D.C. United
Sun Sep/2 21:00 Chicago Fire           3-1 Houston Dynamo
Sun Sep/2 21:00 FC Dallas           1-1 Seattle Sounders
Sun Sep/2 23:20 San Jose Earthquakes           4-0 CD Chivas USA
Wed Sep/5 22:10 New England Revolution           2-0 Columbus Crew
Wed Sep/5 23:25 Colorado Rapids           3-0 Portland Timbers
Thu Sep/6 22:35 Houston Dynamo           1-0 Real Salt Lake
Sat Sep/8 18:00 Seattle Sounders           2-1 CD Chivas USA

Week 27

Wed Sep/12 21:00 Toronto FC           1-2 Chicago Fire
Fri Sep/14 22:30 Sporting Kansas City           1-1 Houston Dynamo
Sat Sep/15 01:00 Los Angeles Galaxy           2-0 Colorado Rapids
Sat Sep/15 15:00 Toronto FC           1-1 Philadelphia Union
Sat Sep/15 17:50 Portland Timbers           1-1 Seattle Sounders
Sat Sep/15 21:10 New York Red Bulls           3-1 Columbus Crew
Sat Sep/15 21:30 Washington D.C. United           2-1 New England Revolution
Sat Sep/15 22:30 Chicago Fire           3-1 Montreal Impact
Sat Sep/15 22:30 FC Dallas           1-0 Vancouver Whitecaps FC

Week 28

Sun Sep/16 00:30 CD Chivas USA           0-2 San Jose Earthquakes
Wed Sep/19 21:00 New York Red Bulls           0-2 Sporting Kansas City
Wed Sep/19 21:30 Columbus Crew           1-0 CD Chivas USA
Thu Sep/20 00:35 San Jose Earthquakes           2-2 Portland Timbers
Thu Sep/20 22:00 Philadelphia Union           0-1 Washington D.C. United
Sat Sep/22 15:00 Montreal Impact           0-0 Sporting Kansas City
Sat Sep/22 21:30 New England Revolution           1-1 New York Red Bulls
Sat Sep/22 22:20 Real Salt Lake           2-1 Portland Timbers
Sat Sep/22 22:30 Chicago Fire           2-1 Columbus Crew

Week 29

Sun Sep/23 00:30 Los Angeles Galaxy           4-2 Toronto FC
Sun Sep/23 00:30 Seattle Sounders           1-2 San Jose Earthquakes
Sun Sep/23 18:00 Philadelphia Union           3-1 Houston Dynamo
Sun Sep/23 21:00 Washington D.C. United           1-0 CD Chivas USA
Sun Sep/23 21:30 Vancouver Whitecaps FC           2-2 Colorado Rapids
Fri Sep/28 22:50 Sporting Kansas City           2-0 Chicago Fire
Sat Sep/29 21:00 New York Red Bulls           4-1 Toronto FC
Sat Sep/29 21:30 Columbus Crew           3-2 Philadelphia Union
Sat Sep/29 22:30 Houston Dynamo           2-0 New England Revolution
Sat Sep/29 23:20 Vancouver Whitecaps FC           0-0 Seattle Sounders

Week 30

Sun Sep/30 00:30 Portland Timbers           1-1 Washington D.C. United
Sun Sep/30 00:30 CD Chivas USA           0-4 Real Salt Lake
Sun Sep/30 00:30 San Jose Earthquakes           3-3 FC Dallas
Sun Sep/30 21:05 Colorado Rapids           1-1 Los Angeles Galaxy
Wed Oct/3 22:30 Chicago Fire           1-3 Philadelphia Union
Thu Oct/4 00:00 Vancouver Whitecaps FC           4-0 CD Chivas USA
Sat Oct/6 15:00 Toronto FC           0-1 Washington D.C. United
Sat Oct/6 17:50 New York Red Bulls           0-2 Chicago Fire
Sat Oct/6 21:00 Philadelphia Union           1-0 New England Revolution
Sat Oct/6 22:30 Houston Dynamo           1-1 Montreal Impact
Sat Oct/6 23:00 Colorado Rapids           1-4 San Jose Earthquakes
Sat Oct/6 23:20 Los Angeles Galaxy           1-2 Real Salt Lake

Week 31

Sun Oct/7 18:00 Columbus Crew           1-1 Sporting Kansas City
Sun Oct/7 21:00 CD Chivas USA           1-1 FC Dallas
Sun Oct/7 23:00 Seattle Sounders           3-0 Portland Timbers

Week 32

Thu Oct/18 00:00 Seattle Sounders           0-0 Real Salt Lake
Sat Oct/20 15:30 Toronto FC           0-0 Montreal Impact
Sat Oct/20 21:00 New York Red Bulls           0-0 Sporting Kansas City
Sat Oct/20 21:30 Washington D.C. United           3-2 Columbus Crew
Sat Oct/20 21:30 New England Revolution           1-0 Chicago Fire
Sat Oct/20 21:50 Houston Dynamo           3-1 Philadelphia Union

Week 33

Sun Oct/21 00:30 CD Chivas USA           0-2 Colorado Rapids
Sun Oct/21 21:00 Vancouver Whitecaps FC           0-1 Portland Timbers
Sun Oct/21 21:00 San Jose Earthquakes           2-2 Los Angeles Galaxy
Sun Oct/21 23:00 Seattle Sounders           3-1 FC Dallas
Wed Oct/24 22:30 Sporting Kansas City           2-1 Philadelphia Union
Sat Oct/27 15:50 Philadelphia Union           0-3 New York Red Bulls
Sat Oct/27 16:00 Montreal Impact           0-1 New England Revolution
Sat Oct/27 18:20 Chicago Fire           1-1 Washington D.C. United
Sat Oct/27 20:55 Portland Timbers           1-1 San Jose Earthquakes
Sat Oct/27 23:00 Real Salt Lake           0-0 Vancouver Whitecaps FC
Sat Oct/27 23:00 Colorado Rapids           2-0 Houston Dynamo

Week 34

Sun Oct/28 18:00 Columbus Crew           2-1 Toronto FC
Sun Oct/28 21:00 FC Dallas           2-2 CD Chivas USA
Sun Oct/28 23:00 Los Angeles Galaxy           1-0 Seattle Sounders


# Play-offs


Week 35

Wed Oct/31 23:30 Chicago Fire           1-2 Houston Dynamo
Fri Nov/2 00:55 Los Angeles Galaxy           2-1 Vancouver Whitecaps FC


# Quarter Final


Week 36

Sat Nov/3 00:00 Seattle Sounders           0-0 Real Salt Lake
Sat Nov/3 22:00 Washington D.C. United           1-1 New York Red Bulls

Week 37

Sun Nov/4 17:50 Houston Dynamo           2-0 Sporting Kansas City
Sun Nov/4 23:00 Los Angeles Galaxy           0-1 San Jose Earthquakes
Wed Nov/7 23:00 Sporting Kansas City           1-0 Houston Dynamo
Thu Nov/8 01:25 San Jose Earthquakes           1-3 Los Angeles Galaxy
Thu Nov/8 21:50 New York Red Bulls           0-1 Washington D.C. United
Fri Nov/9 00:00 Real Salt Lake           0-1 Seattle Sounders


# Semifinal


Week 38

Sun Nov/11 18:25 Houston Dynamo           3-1 Washington D.C. United
Sun Nov/11 23:00 Los Angeles Galaxy           3-0 Seattle Sounders

Week 39

Sun Nov/18 18:20 Washington D.C. United           1-1 Houston Dynamo
Sun Nov/18 23:15 Seattle Sounders           2-1 Los Angeles Galaxy


# Final


Week 40

Sat Dec/1 19:00 Los Angeles Galaxy           3-1 Houston Dynamo

