Qualifying

Tue Mar/15 14:00 Seattle Sounders           0-1 Los Angeles Galaxy
Sat Mar/19 10:30 Vancouver Whitecaps FC           4-2 Toronto FC
Sat Mar/19 11:30 Washington D.C. United           3-1 Columbus Crew
Sat Mar/19 11:30 New York Red Bulls           1-0 Seattle Sounders
Sat Mar/19 12:30 FC Dallas           1-1 Chicago Fire
Sat Mar/19 12:30 Houston Dynamo           0-1 Philadelphia Union
Sat Mar/19 13:00 Colorado Rapids           3-1 Portland Timbers
Sat Mar/19 14:30 CD Chivas USA           2-3 Sporting Kansas City
Sat Mar/19 14:30 San Jose Earthquakes           0-1 Real Salt Lake
Sun Mar/20 12:00 Los Angeles Galaxy           1-1 New England Revolution
Fri Mar/25 14:00 Seattle Sounders           1-1 Houston Dynamo
Sat Mar/26 06:00 Toronto FC           2-0 Portland Timbers
Sat Mar/26 08:00 Columbus Crew           0-0 New York Red Bulls
Sat Mar/26 08:00 Chicago Fire           3-2 Sporting Kansas City
Sat Mar/26 08:00 Philadelphia Union           1-0 Vancouver Whitecaps FC
Sat Mar/26 08:30 New England Revolution           2-1 Washington D.C. United
Sat Mar/26 13:00 Real Salt Lake           4-1 Los Angeles Galaxy
Sat Mar/26 13:00 FC Dallas           0-2 San Jose Earthquakes
Sat Mar/26 14:30 CD Chivas USA           0-1 Colorado Rapids
Fri Apr/1 11:30 Columbus Crew           2-0 FC Dallas
Sat Apr/2 05:00 Toronto FC           1-1 CD Chivas USA
Sat Apr/2 11:00 Vancouver Whitecaps FC           3-3 Sporting Kansas City
Sat Apr/2 11:40 New England Revolution           1-1 Portland Timbers
Sat Apr/2 11:40 New York Red Bulls           1-1 Houston Dynamo
Sat Apr/2 14:30 Los Angeles Galaxy           1-0 Philadelphia Union
Sat Apr/2 14:30 San Jose Earthquakes           2-2 Seattle Sounders
Sun Apr/3 11:00 Colorado Rapids           4-1 Washington D.C. United
Wed Apr/6 14:00 Vancouver Whitecaps FC           1-1 New England Revolution
Fri Apr/8 13:00 FC Dallas           3-0 Colorado Rapids
Sat Apr/9 08:00 Seattle Sounders           2-1 Chicago Fire
Sat Apr/9 11:00 Philadelphia Union           1-0 New York Red Bulls
Sat Apr/9 11:30 New England Revolution           0-2 Real Salt Lake
Sat Apr/9 11:30 Washington D.C. United           1-1 Los Angeles Galaxy
Sat Apr/9 14:30 CD Chivas USA           0-0 Columbus Crew
Sat Apr/9 14:30 San Jose Earthquakes           1-1 Toronto FC
Sun Apr/10 11:00 Houston Dynamo           3-1 Vancouver Whitecaps FC
Wed Apr/13 12:00 Toronto FC           0-0 Los Angeles Galaxy
Wed Apr/13 13:00 Real Salt Lake           1-0 Colorado Rapids
Thu Apr/14 15:15 Portland Timbers           4-2 Chicago Fire
Sat Apr/16 08:00 Philadelphia Union           1-1 Seattle Sounders
Sat Apr/16 11:00 Vancouver Whitecaps FC           0-0 CD Chivas USA
Sat Apr/16 11:00 Toronto FC           0-3 Washington D.C. United
Sat Apr/16 11:30 Columbus Crew           1-0 Sporting Kansas City
Sat Apr/16 11:30 New York Red Bulls           3-0 San Jose Earthquakes
Sun Apr/17 08:00 Chicago Fire           1-2 Los Angeles Galaxy
Sun Apr/17 10:00 Portland Timbers           3-2 FC Dallas
Sun Apr/17 11:00 Houston Dynamo           1-0 New England Revolution
Thu Apr/21 12:00 Washington D.C. United           0-4 New York Red Bulls
Fri Apr/22 13:30 Colorado Rapids           0-1 Seattle Sounders
Sat Apr/23 08:00 San Jose Earthquakes           1-2 CD Chivas USA
Sat Apr/23 08:00 Toronto FC           1-1 Columbus Crew
Sat Apr/23 11:00 Vancouver Whitecaps FC           1-2 FC Dallas
Sat Apr/23 11:30 New England Revolution           3-2 Sporting Kansas City
Sat Apr/23 12:30 Chicago Fire           1-1 Houston Dynamo
Sat Apr/23 15:00 Los Angeles Galaxy           3-0 Portland Timbers
Fri Apr/29 12:30 Houston Dynamo           4-1 Washington D.C. United
Sat Apr/30 08:00 Philadelphia Union           1-0 San Jose Earthquakes
Sat Apr/30 11:30 New York Red Bulls           1-0 Sporting Kansas City
Sat Apr/30 11:30 Columbus Crew           2-1 Vancouver Whitecaps FC
Sat Apr/30 13:00 Colorado Rapids           1-1 Chicago Fire
Sat Apr/30 14:00 Seattle Sounders           3-0 Toronto FC
Sat Apr/30 14:30 Portland Timbers           1-0 Real Salt Lake
Sat Apr/30 14:30 CD Chivas USA           3-0 New England Revolution
Sun May/1 11:00 FC Dallas           2-1 Los Angeles Galaxy
Wed May/4 11:30 Washington D.C. United           2-1 Seattle Sounders
Wed May/4 12:30 Houston Dynamo           1-2 Colorado Rapids
Fri May/6 14:30 Portland Timbers           1-0 Philadelphia Union
Sat May/7 08:00 Real Salt Lake           1-0 CD Chivas USA
Sat May/7 11:00 Toronto FC           2-1 Houston Dynamo
Sat May/7 11:30 Washington D.C. United           0-0 FC Dallas
Sat May/7 11:30 Columbus Crew           1-1 Seattle Sounders
Sat May/7 11:30 New England Revolution           0-0 Colorado Rapids
Sat May/7 12:30 Chicago Fire           0-0 Vancouver Whitecaps FC
Sat May/7 15:00 Los Angeles Galaxy           1-1 New York Red Bulls
Wed May/11 11:30 Philadelphia Union           1-1 Los Angeles Galaxy
Wed May/11 13:00 FC Dallas           1-0 Toronto FC
Wed May/11 14:00 Vancouver Whitecaps FC           1-1 San Jose Earthquakes
Sat May/14 11:00 Toronto FC           2-2 Chicago Fire
Sat May/14 11:30 New England Revolution           1-0 Vancouver Whitecaps FC
Sat May/14 11:30 Washington D.C. United           1-1 Colorado Rapids
Sat May/14 12:30 FC Dallas           2-0 Philadelphia Union
Sat May/14 13:00 Real Salt Lake           0-0 Houston Dynamo
Sat May/14 14:30 San Jose Earthquakes           3-0 Columbus Crew
Sat May/14 14:30 Los Angeles Galaxy           4-1 Sporting Kansas City
Sat May/14 15:00 Seattle Sounders           1-1 Portland Timbers
Sun May/15 11:35 New York Red Bulls           2-3 CD Chivas USA
Sat May/21 12:10 Philadelphia Union           2-1 Chicago Fire
Sat May/21 12:30 Houston Dynamo           2-2 New York Red Bulls
Sat May/21 14:00 CD Chivas USA           0-1 Los Angeles Galaxy
Sat May/21 14:00 Seattle Sounders           1-0 Sporting Kansas City
Sat May/21 14:40 San Jose Earthquakes           2-1 New England Revolution
Sat May/21 15:10 Portland Timbers           1-0 Columbus Crew
Sun May/22 11:00 Colorado Rapids           0-0 Toronto FC
Sun May/22 11:00 FC Dallas           0-0 Real Salt Lake
Wed May/25 12:15 New York Red Bulls           2-2 Colorado Rapids
Wed May/25 14:00 Seattle Sounders           0-1 FC Dallas
Wed May/25 14:30 Los Angeles Galaxy           1-0 Houston Dynamo
Sat May/28 04:45 Toronto FC           2-6 Philadelphia Union
Sat May/28 09:40 Vancouver Whitecaps FC           1-1 New York Red Bulls
Sat May/28 11:30 Columbus Crew           3-3 CD Chivas USA
Sat May/28 12:00 New England Revolution           0-1 Los Angeles Galaxy
Sat May/28 12:30 Houston Dynamo           2-2 FC Dallas
Sat May/28 12:30 Chicago Fire           2-2 San Jose Earthquakes
Sat May/28 13:00 Colorado Rapids           1-1 Sporting Kansas City
Sat May/28 13:00 Real Salt Lake           1-2 Seattle Sounders
Sun May/29 09:00 Portland Timbers           2-3 Washington D.C. United
Wed Jun/1 14:30 CD Chivas USA           1-1 Vancouver Whitecaps FC
Fri Jun/3 15:00 Los Angeles Galaxy           0-0 Washington D.C. United
Sat Jun/4 11:00 Toronto FC           0-0 Sporting Kansas City
Sat Jun/4 11:30 New York Red Bulls           1-1 Columbus Crew
Sat Jun/4 12:30 FC Dallas           1-0 New England Revolution
Sat Jun/4 12:30 Chicago Fire           0-0 Seattle Sounders
Sat Jun/4 13:00 Colorado Rapids           1-1 Philadelphia Union
Sat Jun/4 13:00 Real Salt Lake           2-0 Vancouver Whitecaps FC
Sat Jun/4 14:30 CD Chivas USA           1-0 Portland Timbers
Sat Jun/4 14:35 San Jose Earthquakes           2-0 Houston Dynamo
Wed Jun/8 11:35 Columbus Crew           2-1 Real Salt Lake
Thu Jun/9 14:00 Sporting Kansas City           0-0 Chicago Fire
Fri Jun/10 12:30 New York Red Bulls           2-1 New England Revolution
Sat Jun/11 08:00 Philadelphia Union           1-1 Real Salt Lake
Sat Jun/11 11:30 Washington D.C. United           2-4 San Jose Earthquakes
Sat Jun/11 12:30 Houston Dynamo           2-1 CD Chivas USA
Sat Jun/11 14:30 Seattle Sounders           2-2 Vancouver Whitecaps FC
Sat Jun/11 14:30 Portland Timbers           0-1 Colorado Rapids
Sat Jun/11 14:45 Los Angeles Galaxy           2-2 Toronto FC
Sun Jun/12 08:00 Columbus Crew           0-1 Chicago Fire
Sun Jun/12 11:00 FC Dallas           1-4 Sporting Kansas City
Wed Jun/15 12:00 New England Revolution           0-0 Toronto FC
Fri Jun/17 12:30 Sporting Kansas City           1-0 San Jose Earthquakes
Sat Jun/18 11:00 Toronto FC           0-1 Seattle Sounders
Sat Jun/18 11:30 New England Revolution           1-1 Chicago Fire
Sat Jun/18 12:30 Houston Dynamo           0-2 Columbus Crew
Sat Jun/18 13:00 Real Salt Lake           1-1 Washington D.C. United
Sat Jun/18 13:00 Colorado Rapids           1-3 Los Angeles Galaxy
Sat Jun/18 14:00 Vancouver Whitecaps FC           1-0 Philadelphia Union
Sat Jun/18 14:30 CD Chivas USA           1-2 FC Dallas
Sun Jun/19 14:00 Portland Timbers           3-3 New York Red Bulls
Wed Jun/22 11:30 Philadelphia Union           0-0 Sporting Kansas City
Wed Jun/22 12:30 Chicago Fire           0-0 Real Salt Lake
Thu Jun/23 14:00 Seattle Sounders           4-2 New York Red Bulls
Sat Jun/25 10:00 Washington D.C. United           2-2 Houston Dynamo
Sat Jun/25 10:30 San Jose Earthquakes           0-0 Los Angeles Galaxy
Sat Jun/25 12:00 Philadelphia Union           3-2 CD Chivas USA
Sat Jun/25 12:30 Sporting Kansas City           2-1 Vancouver Whitecaps FC
Sat Jun/25 12:30 FC Dallas           4-0 Portland Timbers
Sat Jun/25 13:00 Real Salt Lake           3-1 Toronto FC
Sun Jun/26 06:10 Chicago Fire           1-1 New York Red Bulls
Sun Jun/26 08:00 Seattle Sounders           2-1 New England Revolution
Sun Jun/26 12:00 Columbus Crew           4-1 Colorado Rapids
Wed Jun/29 11:30 Toronto FC           1-0 Vancouver Whitecaps FC
Sat Jul/2 11:00 Washington D.C. United           2-2 Philadelphia Union
Sat Jul/2 13:00 FC Dallas           2-0 Columbus Crew
Sat Jul/2 14:00 CD Chivas USA           1-1 Chicago Fire
Sat Jul/2 14:30 San Jose Earthquakes           2-2 New York Red Bulls
Sat Jul/2 15:00 Portland Timbers           1-2 Sporting Kansas City
Sun Jul/3 13:00 Colorado Rapids           0-0 Houston Dynamo
Mon Jul/4 12:30 Real Salt Lake           3-3 New England Revolution
Mon Jul/4 14:30 Los Angeles Galaxy           0-0 Seattle Sounders
Wed Jul/6 12:15 New York Red Bulls           5-0 Toronto FC
Wed Jul/6 12:30 Sporting Kansas City           1-1 Colorado Rapids
Wed Jul/6 14:15 Vancouver Whitecaps FC           0-1 Columbus Crew
Wed Jul/6 14:30 CD Chivas USA           2-0 San Jose Earthquakes
Sat Jul/9 11:30 Sporting Kansas City           1-1 CD Chivas USA
Sat Jul/9 11:30 New York Red Bulls           0-1 Washington D.C. United
Sat Jul/9 12:30 Houston Dynamo           2-0 Toronto FC
Sat Jul/9 13:00 Real Salt Lake           2-0 FC Dallas
Sat Jul/9 13:00 Colorado Rapids           2-1 Vancouver Whitecaps FC
Sat Jul/9 14:30 Los Angeles Galaxy           2-1 Chicago Fire
Sat Jul/9 14:30 San Jose Earthquakes           0-0 Philadelphia Union
Sun Jul/10 08:00 Portland Timbers           2-3 Seattle Sounders
Sat Jul/16 08:00 Seattle Sounders           4-3 Colorado Rapids
Sat Jul/16 11:30 Columbus Crew           0-0 San Jose Earthquakes
Sat Jul/16 12:30 Chicago Fire           0-1 Portland Timbers
Sat Jul/16 12:30 Houston Dynamo           1-1 Sporting Kansas City
Sat Jul/16 13:00 FC Dallas           0-0 Washington D.C. United
Sat Jul/16 14:30 CD Chivas USA           0-0 New York Red Bulls
Sun Jul/17 11:00 New England Revolution           0-3 Philadelphia Union
Wed Jul/20 11:30 Washington D.C. United           0-1 New England Revolution
Wed Jul/20 12:00 Toronto FC           0-1 FC Dallas
Wed Jul/20 13:30 Colorado Rapids           4-1 New York Red Bulls
Wed Jul/20 14:30 San Jose Earthquakes           2-2 Vancouver Whitecaps FC
Wed Jul/20 14:30 Los Angeles Galaxy           1-0 Columbus Crew
Sat Jul/23 10:00 New York Red Bulls           2-2 FC Dallas
Sat Jul/23 12:00 Columbus Crew           1-0 Portland Timbers
Sat Jul/23 12:30 Sporting Kansas City           4-2 Toronto FC
Sat Jul/23 13:00 Colorado Rapids           2-2 New England Revolution
Sat Jul/23 14:00 Real Salt Lake           4-0 San Jose Earthquakes
Sat Jul/23 14:30 CD Chivas USA           3-0 Houston Dynamo
Fri Jul/29 11:30 Philadelphia Union           1-2 Colorado Rapids
Sat Jul/30 11:30 Vancouver Whitecaps FC           0-4 Los Angeles Galaxy
Sat Jul/30 12:30 Sporting Kansas City           1-1 New England Revolution
Sat Jul/30 12:30 Houston Dynamo           3-1 Seattle Sounders
Sat Jul/30 13:00 Real Salt Lake           0-2 Columbus Crew
Sat Jul/30 14:30 San Jose Earthquakes           0-2 Washington D.C. United
Sat Jul/30 15:00 Portland Timbers           2-2 Toronto FC
Sun Jul/31 11:00 FC Dallas           1-0 CD Chivas USA
Wed Aug/3 12:30 Sporting Kansas City           2-0 Real Salt Lake
Wed Aug/3 13:00 Chicago Fire           1-1 Philadelphia Union
Wed Aug/3 14:30 Portland Timbers           3-0 Los Angeles Galaxy
Fri Aug/5 13:30 Colorado Rapids           2-0 Columbus Crew
Sat Aug/6 11:30 Washington D.C. United           3-3 Toronto FC
Sat Aug/6 11:30 New England Revolution           2-3 CD Chivas USA
Sat Aug/6 12:00 Philadelphia Union           1-1 Houston Dynamo
Sat Aug/6 12:30 Sporting Kansas City           1-2 Seattle Sounders
Sat Aug/6 13:00 Real Salt Lake           3-0 New York Red Bulls
Sat Aug/6 14:30 Los Angeles Galaxy           3-1 FC Dallas
Sat Aug/6 14:30 San Jose Earthquakes           1-1 Portland Timbers
Sun Aug/7 11:00 Vancouver Whitecaps FC           4-2 Chicago Fire
Sat Aug/13 08:00 Seattle Sounders           0-0 CD Chivas USA
Sat Aug/13 11:00 Toronto FC           1-0 Real Salt Lake
Sat Aug/13 11:30 Columbus Crew           3-1 New England Revolution
Sat Aug/13 11:30 New York Red Bulls           2-2 Chicago Fire
Sat Aug/13 11:30 Washington D.C. United           4-0 Vancouver Whitecaps FC
Sat Aug/13 12:00 Philadelphia Union           2-2 FC Dallas
Sat Aug/13 14:30 San Jose Earthquakes           1-2 Colorado Rapids
Sun Aug/14 13:00 Houston Dynamo           2-1 Portland Timbers
Wed Aug/17 12:00 New England Revolution           1-1 Houston Dynamo
Wed Aug/17 12:30 Sporting Kansas City           3-1 Portland Timbers
Thu Aug/18 13:05 Chicago Fire           1-1 Washington D.C. United
Sat Aug/20 11:30 New England Revolution           2-2 New York Red Bulls
Sat Aug/20 12:00 Columbus Crew           2-1 Philadelphia Union
Sat Aug/20 12:30 Houston Dynamo           3-2 Real Salt Lake
Sat Aug/20 13:00 Colorado Rapids           2-2 CD Chivas USA
Sat Aug/20 13:00 FC Dallas           0-1 Seattle Sounders
Sat Aug/20 14:00 Portland Timbers           2-1 Vancouver Whitecaps FC
Sat Aug/20 14:30 Los Angeles Galaxy           2-0 San Jose Earthquakes
Sun Aug/21 11:00 Chicago Fire           2-0 Toronto FC
Sun Aug/21 12:30 Sporting Kansas City           1-0 Washington D.C. United
Wed Aug/24 15:00 Portland Timbers           1-0 CD Chivas USA
Sat Aug/27 08:00 Seattle Sounders           6-2 Columbus Crew
Sat Aug/27 11:00 Vancouver Whitecaps FC           1-0 Houston Dynamo
Sat Aug/27 11:00 Toronto FC           1-1 San Jose Earthquakes
Sat Aug/27 12:30 Chicago Fire           2-0 Colorado Rapids
Sat Aug/27 12:30 Sporting Kansas City           2-3 FC Dallas
Sat Aug/27 14:30 CD Chivas USA           0-1 Real Salt Lake
Wed Sep/7 12:00 Philadelphia Union           4-4 New England Revolution
Sat Sep/3 13:00 Real Salt Lake           2-1 Philadelphia Union
Mon Sep/5 10:00 Sporting Kansas City           2-2 Los Angeles Galaxy
Fri Sep/9 15:00 Los Angeles Galaxy           1-0 Colorado Rapids
Sat Sep/10 08:00 Sporting Kansas City           3-0 Houston Dynamo
Sat Sep/10 08:00 Seattle Sounders           1-2 Real Salt Lake
Sat Sep/10 11:30 New York Red Bulls           1-1 Vancouver Whitecaps FC
Sat Sep/10 11:30 New England Revolution           2-0 FC Dallas
Sat Sep/10 11:30 Philadelphia Union           0-0 Portland Timbers
Sat Sep/10 11:30 Columbus Crew           2-4 Toronto FC
Sat Sep/10 14:30 CD Chivas USA           0-3 Washington D.C. United
Sat Sep/10 14:30 San Jose Earthquakes           2-0 Chicago Fire
Wed Sep/14 11:30 Columbus Crew           2-2 Houston Dynamo
Fri Sep/16 15:00 Portland Timbers           3-0 New England Revolution
Sat Sep/17 05:30 Toronto FC           2-1 Colorado Rapids
Sat Sep/17 08:00 Chicago Fire           3-2 CD Chivas USA
Sat Sep/17 11:30 Philadelphia Union           1-0 Columbus Crew
Sat Sep/17 12:30 FC Dallas           0-1 New York Red Bulls
Sat Sep/17 12:30 Houston Dynamo           2-1 San Jose Earthquakes
Sat Sep/17 13:00 Real Salt Lake           1-0 Sporting Kansas City
Sat Sep/17 13:00 Seattle Sounders           3-0 Washington D.C. United
Sat Sep/17 14:30 Los Angeles Galaxy           3-0 Vancouver Whitecaps FC
Wed Sep/21 11:30 Washington D.C. United           2-2 CD Chivas USA
Wed Sep/21 12:15 New York Red Bulls           1-3 Real Salt Lake
Wed Sep/21 14:30 Portland Timbers           1-1 San Jose Earthquakes
Fri Sep/23 12:30 Sporting Kansas City           1-1 Philadelphia Union
Sat Sep/24 08:00 FC Dallas           0-1 Houston Dynamo
Sat Sep/24 11:30 New York Red Bulls           2-0 Portland Timbers
Sat Sep/24 11:30 Columbus Crew           0-1 Los Angeles Galaxy
Sat Sep/24 11:30 Washington D.C. United           4-1 Real Salt Lake
Sat Sep/24 13:00 Colorado Rapids           1-1 San Jose Earthquakes
Sat Sep/24 14:30 CD Chivas USA           3-0 Toronto FC
Sat Sep/24 14:30 Vancouver Whitecaps FC           1-3 Seattle Sounders
Sun Sep/25 08:00 Chicago Fire           3-2 New England Revolution
Wed Sep/28 12:30 Sporting Kansas City           2-1 Columbus Crew
Wed Sep/28 13:00 Real Salt Lake           0-3 Chicago Fire
Thu Sep/29 12:05 Philadelphia Union           3-2 Washington D.C. United
Sat Oct/1 08:00 Houston Dynamo           1-1 Chicago Fire
Sat Oct/1 11:30 New England Revolution           1-2 Seattle Sounders
Sat Oct/1 11:30 Toronto FC           1-1 New York Red Bulls
Sat Oct/1 13:00 Colorado Rapids           1-0 FC Dallas
Sat Oct/1 14:30 San Jose Earthquakes           1-1 Sporting Kansas City
Sat Oct/1 14:30 Los Angeles Galaxy           2-1 Real Salt Lake
Sun Oct/2 08:00 Columbus Crew           2-1 Washington D.C. United
Sun Oct/2 08:45 Vancouver Whitecaps FC           0-1 Portland Timbers
Sun Oct/2 12:00 CD Chivas USA           1-1 Philadelphia Union
Tue Oct/4 12:00 New York Red Bulls           2-0 Los Angeles Galaxy
Thu Oct/6 13:30 Vancouver Whitecaps FC           3-0 Real Salt Lake
Sat Oct/8 11:30 New England Revolution           1-2 San Jose Earthquakes
Sat Oct/8 14:00 Seattle Sounders           0-2 Philadelphia Union
Wed Oct/12 12:30 Chicago Fire           1-2 FC Dallas
Wed Oct/12 14:00 Vancouver Whitecaps FC           2-1 Washington D.C. United
Fri Oct/14 14:30 Colorado Rapids           0-0 Real Salt Lake
Fri Oct/14 14:30 Portland Timbers           0-2 Houston Dynamo
Sat Oct/15 08:00 Sporting Kansas City           2-0 New York Red Bulls
Sat Oct/15 08:00 Philadelphia Union           1-1 Toronto FC
Sat Oct/15 11:30 New England Revolution           0-3 Columbus Crew
Sat Oct/15 11:30 Washington D.C. United           1-2 Chicago Fire
Sat Oct/15 12:30 FC Dallas           2-0 Vancouver Whitecaps FC
Sat Oct/15 14:30 Seattle Sounders           2-1 San Jose Earthquakes
Sun Oct/16 13:10 Los Angeles Galaxy           1-0 CD Chivas USA
Wed Oct/19 12:00 Washington D.C. United           1-1 Portland Timbers
Thu Oct/20 12:10 New York Red Bulls           1-0 Philadelphia Union
Sat Oct/22 04:30 Toronto FC           2-2 New England Revolution
Sat Oct/22 11:00 Vancouver Whitecaps FC           1-2 Colorado Rapids
Sat Oct/22 11:30 Washington D.C. United           0-1 Sporting Kansas City
Sat Oct/22 12:30 Chicago Fire           3-2 Columbus Crew
Sat Oct/22 13:00 Real Salt Lake           1-1 Portland Timbers
Sat Oct/22 14:30 CD Chivas USA           1-3 Seattle Sounders
Sat Oct/22 14:30 San Jose Earthquakes           4-2 FC Dallas
Sun Oct/23 11:00 Houston Dynamo           3-1 Los Angeles Galaxy

Play-offs

Wed Oct/26 13:00 FC Dallas           0-2 New York Red Bulls
Thu Oct/27 14:00 Colorado Rapids           1-0 Columbus Crew

Quarter Final

Sat Oct/29 14:00 Real Salt Lake           3-0 Seattle Sounders
Sun Oct/30 07:10 New York Red Bulls           0-1 Los Angeles Galaxy
Sun Oct/30 09:15 Philadelphia Union           1-2 Houston Dynamo
Sun Oct/30 11:30 Colorado Rapids           0-2 Sporting Kansas City
Wed Nov/2 12:00 Sporting Kansas City           2-0 Colorado Rapids
Wed Nov/2 14:20 Seattle Sounders           2-0 Real Salt Lake
Thu Nov/3 12:45 Houston Dynamo           1-0 Philadelphia Union
Thu Nov/3 15:00 Los Angeles Galaxy           2-1 New York Red Bulls

Semifinal

Sun Nov/6 09:30 Sporting Kansas City           0-2 Houston Dynamo
Sun Nov/6 13:20 Los Angeles Galaxy           3-1 Real Salt Lake

Final

Sun Nov/20 13:30 Los Angeles Galaxy           1-0 Houston Dynamo

