
# Qualifying


Week 1

Sat Apr/2 17:00 CD Chivas USA           0-2 Washington D.C. United
Sat Apr/2 21:00 New York Metrostars           0-0 Real Salt Lake
Sat Apr/2 21:30 Columbus Crew           3-0 Los Angeles Galaxy
Sat Apr/2 22:10 Kansas City Wizards           3-2 Colorado Rapids
Sat Apr/2 22:30 FC Dallas           2-1 Chicago Fire

Week 2

Sun Apr/3 00:00 San Jose           2-2 N.E. Revolution
Sat Apr/9 18:00 San Jose           3-3 CD Chivas USA
Sat Apr/9 21:30 Washington D.C. United           1-1 Chicago Fire
Sat Apr/9 21:30 N.E. Revolution           3-0 Columbus Crew
Sat Apr/9 23:00 Colorado Rapids           0-0 FC Dallas

Week 3

Sun Apr/10 00:00 Los Angeles Galaxy           3-1 Real Salt Lake
Fri Apr/15 22:00 Columbus Crew           1-0 Washington D.C. United
Sat Apr/16 17:00 Real Salt Lake           1-0 Colorado Rapids
Sat Apr/16 21:30 New York Metrostars           2-2 Kansas City Wizards
Sat Apr/16 22:30 Chicago Fire           2-1 San Jose

Week 4

Sun Apr/17 00:00 CD Chivas USA           1-3 FC Dallas
Fri Apr/22 22:00 New York Metrostars           0-1 Chicago Fire
Sat Apr/23 21:30 Washington D.C. United           3-4 N.E. Revolution
Sat Apr/23 22:00 FC Dallas           3-0 Real Salt Lake
Sat Apr/23 23:00 Colorado Rapids           2-0 Columbus Crew

Week 5

Sun Apr/24 00:00 Los Angeles Galaxy           3-1 CD Chivas USA
Sun Apr/24 00:00 San Jose           3-2 Kansas City Wizards
Wed Apr/27 21:00 Chicago Fire           0-3 N.E. Revolution
Sat Apr/30 18:00 Kansas City Wizards           0-0 Washington D.C. United
Sat Apr/30 21:30 Columbus Crew           0-2 Chicago Fire
Sat Apr/30 21:30 N.E. Revolution           1-0 CD Chivas USA
Sat Apr/30 23:00 Colorado Rapids           1-3 New York Metrostars
Sat Apr/30 23:30 Real Salt Lake           2-2 San Jose

Week 6

Sun May/1 00:00 Los Angeles Galaxy           2-0 FC Dallas
Sat May/7 18:00 New York Metrostars           0-1 San Jose
Sat May/7 21:30 N.E. Revolution           2-0 Chicago Fire
Sat May/7 21:30 Washington D.C. United           3-1 Columbus Crew
Sat May/7 22:00 Kansas City Wizards           3-3 FC Dallas

Week 7

Sun May/8 00:00 CD Chivas USA           1-0 Real Salt Lake
Sun May/8 22:00 Los Angeles Galaxy           3-2 Colorado Rapids
Sat May/14 18:00 N.E. Revolution           1-0 Washington D.C. United
Sat May/14 21:30 Columbus Crew           0-4 Kansas City Wizards
Sat May/14 22:30 Chicago Fire           0-3 New York Metrostars
Sat May/14 23:00 Colorado Rapids           2-1 CD Chivas USA
Sat May/14 23:30 Real Salt Lake           2-1 Los Angeles Galaxy

Week 8

Sun May/15 00:00 San Jose           0-0 FC Dallas
Wed May/18 22:30 FC Dallas           2-1 Colorado Rapids
Wed May/18 23:30 Real Salt Lake           2-0 CD Chivas USA
Sat May/21 18:00 New York Metrostars           2-2 N.E. Revolution
Sat May/21 21:30 Columbus Crew           2-0 Real Salt Lake
Sat May/21 21:30 Washington D.C. United           3-2 Kansas City Wizards
Sat May/21 22:30 Chicago Fire           2-1 Colorado Rapids

Week 9

Sun May/22 00:00 Los Angeles Galaxy           2-1 San Jose
Sun May/22 23:30 CD Chivas USA           2-5 FC Dallas
Wed May/25 22:00 Kansas City Wizards           1-0 New York Metrostars
Wed May/25 23:30 Colorado Rapids           0-1 San Jose
Thu May/26 00:30 Los Angeles Galaxy           0-0 Columbus Crew
Sat May/28 21:30 Columbus Crew           0-3 New York Metrostars
Sat May/28 21:30 Washington D.C. United           0-2 FC Dallas
Sat May/28 21:30 N.E. Revolution           0-0 Colorado Rapids
Sat May/28 22:00 Kansas City Wizards           1-0 San Jose
Sat May/28 23:30 Real Salt Lake           0-3 Chicago Fire

Week 10

Sun May/29 00:00 CD Chivas USA           0-2 Los Angeles Galaxy
Tue May/31 20:30 New York Metrostars           2-1 Chicago Fire
Thu Jun/2 00:30 CD Chivas USA           1-1 Kansas City Wizards
Sat Jun/4 18:15 Chicago Fire           5-2 CD Chivas USA
Sat Jun/4 21:30 N.E. Revolution           1-1 Kansas City Wizards

Week 11

Sun Jun/5 00:00 Real Salt Lake           0-2 FC Dallas
Sun Jun/5 00:00 Los Angeles Galaxy           2-2 New York Metrostars
Sun Jun/5 00:30 San Jose           0-0 Washington D.C. United
Sat Jun/11 18:00 Columbus Crew           1-0 Colorado Rapids
Sat Jun/11 22:00 Kansas City Wizards           0-2 N.E. Revolution

Week 12

Sun Jun/12 00:00 Los Angeles Galaxy           1-0 Real Salt Lake
Sun Jun/12 20:00 New York Metrostars           0-0 Washington D.C. United
Sun Jun/12 21:00 Chicago Fire           2-0 FC Dallas
Sun Jun/12 22:00 CD Chivas USA           1-1 San Jose
Wed Jun/15 21:30 Washington D.C. United           4-3 Chicago Fire
Wed Jun/15 23:30 Colorado Rapids           1-0 Los Angeles Galaxy
Sat Jun/18 18:00 Chicago Fire           1-1 Kansas City Wizards
Sat Jun/18 21:30 Washington D.C. United           2-0 N.E. Revolution
Sat Jun/18 21:30 New York Metrostars           3-2 Columbus Crew
Sat Jun/18 22:30 FC Dallas           1-0 Los Angeles Galaxy

Week 13

Sun Jun/19 00:00 CD Chivas USA           1-3 Colorado Rapids
Sun Jun/19 00:00 San Jose           3-0 Real Salt Lake
Wed Jun/22 21:30 Columbus Crew           1-3 N.E. Revolution
Wed Jun/22 22:30 FC Dallas           2-1 CD Chivas USA
Wed Jun/22 23:30 Real Salt Lake           1-1 Los Angeles Galaxy
Sat Jun/25 21:30 N.E. Revolution           4-2 New York Metrostars
Sat Jun/25 22:00 Kansas City Wizards           3-0 CD Chivas USA
Sat Jun/25 23:00 Colorado Rapids           1-3 FC Dallas

Week 14

Sun Jun/26 00:00 San Jose           3-0 Los Angeles Galaxy
Sun Jun/26 21:00 Chicago Fire           3-1 Real Salt Lake
Wed Jun/29 22:00 Kansas City Wizards           1-1 Columbus Crew
Wed Jun/29 22:30 Chicago Fire           4-3 Washington D.C. United
Thu Jun/30 00:30 San Jose           1-0 Colorado Rapids
Sat Jul/2 21:30 Columbus Crew           0-1 Washington D.C. United
Sat Jul/2 22:30 FC Dallas           2-2 San Jose

Week 15

Sun Jul/3 00:00 CD Chivas USA           0-1 Chicago Fire
Mon Jul/4 23:30 Real Salt Lake           2-2 New York Metrostars
Mon Jul/4 23:30 Colorado Rapids           2-1 Kansas City Wizards
Tue Jul/5 00:00 Los Angeles Galaxy           1-1 N.E. Revolution
Sat Jul/9 20:00 Washington D.C. United           0-1 Kansas City Wizards
Sat Jul/9 21:30 Columbus Crew           1-2 San Jose
Sat Jul/9 22:00 New York Metrostars           2-1 Los Angeles Galaxy
Sat Jul/9 22:30 Chicago Fire           1-0 N.E. Revolution

Week 16

Sun Jul/10 00:00 CD Chivas USA           5-1 Real Salt Lake
Fri Jul/15 21:35 Washington D.C. United           3-0 San Jose
Sat Jul/16 18:00 Chicago Fire           1-1 Columbus Crew
Sat Jul/16 21:00 N.E. Revolution           3-2 FC Dallas
Sat Jul/16 21:30 New York Metrostars           1-1 Colorado Rapids
Sat Jul/16 22:00 Kansas City Wizards           3-2 Real Salt Lake

Week 17

Sun Jul/17 00:00 Los Angeles Galaxy           2-0 CD Chivas USA
Wed Jul/20 21:30 Columbus Crew           1-0 New York Metrostars
Wed Jul/20 22:00 Kansas City Wizards           1-1 Washington D.C. United
Wed Jul/20 23:30 Colorado Rapids           1-2 San Jose
Sat Jul/23 00:30 CD Chivas USA           1-0 N.E. Revolution
Sat Jul/23 18:00 Los Angeles Galaxy           0-1 Washington D.C. United
Sat Jul/23 21:30 Columbus Crew           2-0 Kansas City Wizards
Sat Jul/23 23:00 Colorado Rapids           4-1 Chicago Fire
Sat Jul/23 23:30 Real Salt Lake           3-0 FC Dallas

Week 18

Sun Jul/24 00:00 San Jose           2-1 New York Metrostars
Wed Jul/27 21:30 New York Metrostars           3-2 FC Dallas
Wed Jul/27 21:30 N.E. Revolution           1-1 Los Angeles Galaxy

Week 19

Wed Aug/31 21:30 Washington D.C. United           5-1 Real Salt Lake
Sat Aug/6 20:00 Real Salt Lake           2-1 CD Chivas USA
Sat Aug/6 22:00 N.E. Revolution           1-2 Kansas City Wizards
Sat Aug/6 22:30 FC Dallas           2-2 New York Metrostars
Sat Aug/6 22:30 Chicago Fire           2-3 Washington D.C. United
Sat Aug/6 23:00 Colorado Rapids           2-0 Los Angeles Galaxy
Sun Aug/7 00:00 San Jose           2-1 Columbus Crew
Wed Aug/10 21:30 Washington D.C. United           3-0 New York Metrostars
Wed Aug/10 21:30 N.E. Revolution           4-1 Real Salt Lake
Wed Aug/10 22:30 Chicago Fire           2-3 Kansas City Wizards
Sat Aug/13 18:00 Washington D.C. United           3-0 CD Chivas USA
Sat Aug/13 22:30 Chicago Fire           2-1 Los Angeles Galaxy
Sat Aug/13 22:30 FC Dallas           1-2 N.E. Revolution
Sat Aug/13 23:30 Real Salt Lake           2-4 Kansas City Wizards
Sun Aug/14 00:00 San Jose           1-1 Colorado Rapids
Sun Aug/14 20:00 New York Metrostars           2-1 Columbus Crew
Wed Aug/17 23:30 Colorado Rapids           2-0 N.E. Revolution
Fri Aug/19 22:00 Kansas City Wizards           3-0 Chicago Fire
Sat Aug/20 18:00 Columbus Crew           1-0 FC Dallas
Sat Aug/20 21:30 Washington D.C. United           2-3 Los Angeles Galaxy
Sat Aug/20 23:30 Real Salt Lake           0-1 San Jose
Sun Aug/21 20:00 New York Metrostars           3-3 CD Chivas USA
Fri Aug/26 22:00 Kansas City Wizards           0-1 Columbus Crew
Sat Aug/27 21:30 N.E. Revolution           2-1 Washington D.C. United
Sat Aug/27 22:30 FC Dallas           2-2 CD Chivas USA
Sun Aug/28 01:15 San Jose           2-1 Los Angeles Galaxy

Week 20

Wed Sep/21 23:30 Colorado Rapids           2-0 Real Salt Lake

Week 21

Wed Oct/5 22:30 Chicago Fire           2-2 New York Metrostars
Sat Sep/3 21:30 New York Metrostars           2-2 Kansas City Wizards
Sat Sep/3 22:30 FC Dallas           0-2 San Jose
Sat Sep/3 23:00 Colorado Rapids           1-0 Washington D.C. United
Sat Sep/3 23:30 Real Salt Lake           0-1 N.E. Revolution
Sun Sep/4 00:00 CD Chivas USA           0-3 Columbus Crew
Sun Sep/4 22:00 Los Angeles Galaxy           1-2 Chicago Fire
Sat Sep/10 21:30 N.E. Revolution           3-1 Columbus Crew
Sat Sep/10 22:00 Kansas City Wizards           0-1 New York Metrostars
Sat Sep/10 22:30 FC Dallas           1-2 Washington D.C. United
Sun Sep/11 00:05 Los Angeles Galaxy           4-1 Colorado Rapids
Sun Sep/11 00:05 San Jose           3-0 CD Chivas USA
Sat Sep/17 21:30 Columbus Crew           1-2 Chicago Fire
Sat Sep/17 21:30 Washington D.C. United           2-0 Colorado Rapids
Sat Sep/17 21:30 New York Metrostars           5-4 N.E. Revolution
Sat Sep/17 22:00 Kansas City Wizards           2-2 Los Angeles Galaxy
Sun Sep/18 00:00 CD Chivas USA           1-2 San Jose
Sun Sep/18 16:00 FC Dallas           2-1 Real Salt Lake
Wed Sep/21 21:30 Columbus Crew           1-1 N.E. Revolution
Wed Sep/21 22:30 FC Dallas           4-1 Los Angeles Galaxy
Wed Sep/21 23:30 Colorado Rapids           2-0 Real Salt Lake
Thu Sep/22 00:30 San Jose           2-0 Chicago Fire
Sat Sep/24 21:30 N.E. Revolution           1-0 New York Metrostars
Sat Sep/24 23:30 Real Salt Lake           1-2 Columbus Crew
Sun Sep/25 00:00 CD Chivas USA           1-3 Colorado Rapids
Sun Sep/25 00:00 San Jose           1-1 FC Dallas
Sun Sep/25 22:00 Los Angeles Galaxy           2-1 Kansas City Wizards
Thu Aug/11 00:00 CD Chivas USA           0-1 Los Angeles Galaxy
Sat Oct/1 21:30 Columbus Crew           0-1 CD Chivas USA
Sat Oct/1 21:30 New York Metrostars           1-4 Washington D.C. United
Sat Oct/1 21:30 N.E. Revolution           0-2 San Jose
Sat Oct/1 22:00 Kansas City Wizards           0-1 Chicago Fire
Sat Oct/1 23:00 Colorado Rapids           2-1 Real Salt Lake
Sun Oct/2 00:00 Los Angeles Galaxy           2-1 FC Dallas
Wed Oct/5 22:30 FC Dallas           2-1 Columbus Crew
Wed Oct/5 23:00 Colorado Rapids           1-1 CD Chivas USA
Wed Oct/5 23:30 Real Salt Lake           1-3 Washington D.C. United
Sat Oct/8 21:30 Washington D.C. United           1-2 New York Metrostars
Sat Oct/8 22:00 Kansas City Wizards           2-2 N.E. Revolution
Sat Oct/8 22:30 Chicago Fire           1-2 Columbus Crew
Sat Oct/8 22:30 FC Dallas           0-0 Colorado Rapids

Week 22

Sun Oct/9 00:00 San Jose           2-2 Real Salt Lake
Wed Oct/12 23:30 Real Salt Lake           0-1 Colorado Rapids
Sat Oct/15 21:30 Washington D.C. United           2-2 Columbus Crew
Sat Oct/15 21:30 N.E. Revolution           1-0 Chicago Fire
Sat Oct/15 22:30 FC Dallas           2-2 Kansas City Wizards

Week 23

Sun Oct/16 00:00 Los Angeles Galaxy           1-3 San Jose
Sun Oct/16 18:00 CD Chivas USA           0-2 New York Metrostars
Fri Oct/21 23:00 Chicago Fire           0-0 Washington D.C. United
Sat Oct/22 21:00 New York Metrostars           1-0 N.E. Revolution
Sat Oct/22 23:00 Colorado Rapids           0-0 FC Dallas

Week 24

Sun Oct/23 17:00 Los Angeles Galaxy           3-1 San Jose
Sat Oct/29 22:00 N.E. Revolution           3-1 New York Metrostars
Sat Oct/29 22:30 FC Dallas           1-1 Colorado Rapids

Week 25

Sun Oct/30 00:00 San Jose           1-1 Los Angeles Galaxy
Sun Oct/30 18:30 Washington D.C. United           0-4 Chicago Fire
Sat Nov/5 23:00 Colorado Rapids           0-2 Los Angeles Galaxy

Week 26

Sun Nov/6 17:00 N.E. Revolution           1-0 Chicago Fire

Week 27

Sun Nov/13 17:30 N.E. Revolution           0-0 Los Angeles Galaxy
