
# Qualifying


Week 1

Sat Mar/2 18:00 Philadelphia Union           1-3 Sporting Kansas City
Sat Mar/2 20:45 Vancouver Whitecaps FC           1-0 Toronto FC
Sat Mar/2 22:25 Houston Dynamo           2-0 Washington D.C. United
Sat Mar/2 22:30 FC Dallas           1-0 Colorado Rapids

Week 2

Sun Mar/3 00:30 Seattle Sounders           0-1 Montreal Impact
Sun Mar/3 00:30 CD Chivas USA           0-3 Columbus Crew
Sun Mar/3 19:00 Los Angeles Galaxy           4-0 Chicago Fire
Sun Mar/3 21:55 Portland Timbers           3-3 New York Red Bulls
Mon Mar/4 00:00 San Jose Earthquakes           0-2 Real Salt Lake
Sat Mar/9 15:30 Toronto FC           2-1 Sporting Kansas City
Sat Mar/9 21:00 Washington D.C. United           1-0 Real Salt Lake
Sat Mar/9 21:30 Vancouver Whitecaps FC           2-1 Columbus Crew
Sat Mar/9 21:50 Chicago Fire           0-1 New England Revolution

Week 3

Sun Mar/10 00:30 Portland Timbers           1-2 Montreal Impact
Sun Mar/10 17:00 Colorado Rapids           1-2 Philadelphia Union
Sun Mar/10 19:00 CD Chivas USA           3-1 FC Dallas
Mon Mar/11 00:00 San Jose Earthquakes           2-1 New York Red Bulls
Sat Mar/16 14:30 New York Red Bulls           0-0 Washington D.C. United
Sat Mar/16 17:20 Sporting Kansas City           0-0 Chicago Fire
Sat Mar/16 18:00 Montreal Impact           2-1 Toronto FC
Sat Mar/16 19:00 Philadelphia Union           1-0 New England Revolution
Sat Mar/16 19:30 Columbus Crew           1-1 San Jose Earthquakes
Sat Mar/16 20:00 Real Salt Lake           1-1 Colorado Rapids
Sat Mar/16 22:25 Seattle Sounders           1-1 Portland Timbers

Week 4

Sun Mar/17 15:00 FC Dallas           3-2 Houston Dynamo
Sun Mar/17 19:00 Los Angeles Galaxy           1-1 CD Chivas USA
Sat Mar/23 17:55 Washington D.C. United           1-2 Columbus Crew
Sat Mar/23 18:15 New England Revolution           0-0 Sporting Kansas City
Sat Mar/23 18:40 Montreal Impact           1-0 New York Red Bulls
Sat Mar/23 22:30 FC Dallas           2-0 Real Salt Lake
Sat Mar/23 22:30 Houston Dynamo           2-1 Vancouver Whitecaps FC

Week 5

Sun Mar/24 00:30 San Jose Earthquakes           1-0 Seattle Sounders
Sun Mar/24 00:30 Los Angeles Galaxy           1-0 Colorado Rapids
Sun Mar/24 19:00 Chicago Fire           1-4 CD Chivas USA
Sat Mar/30 16:00 Toronto FC           2-2 Los Angeles Galaxy
Sat Mar/30 17:50 New York Red Bulls           2-1 Philadelphia Union
Sat Mar/30 18:00 New England Revolution           0-1 FC Dallas
Sat Mar/30 20:00 Colorado Rapids           2-2 Portland Timbers
Sat Mar/30 22:30 Houston Dynamo           2-0 San Jose Earthquakes
Sat Mar/30 22:30 Sporting Kansas City           2-0 Montreal Impact
Sat Mar/30 23:00 Real Salt Lake           2-1 Seattle Sounders

Week 6

Sun Mar/31 00:30 CD Chivas USA           2-1 Vancouver Whitecaps FC
Fri Apr/5 22:35 Sporting Kansas City           1-0 Washington D.C. United
Sat Apr/6 18:00 Toronto FC           2-2 FC Dallas
Sat Apr/6 19:00 Columbus Crew           1-1 Philadelphia Union
Sat Apr/6 21:50 Colorado Rapids           1-0 Real Salt Lake

Week 7

Sun Apr/7 00:30 San Jose Earthquakes           1-1 Vancouver Whitecaps FC
Sun Apr/7 00:30 Portland Timbers           2-0 Houston Dynamo
Sun Apr/7 19:00 Chicago Fire           3-1 New York Red Bulls
Sat Apr/13 18:00 Seattle Sounders           0-0 New England Revolution
Sat Apr/13 18:00 Philadelphia Union           1-1 Toronto FC
Sat Apr/13 18:00 Vancouver Whitecaps FC           1-1 Real Salt Lake
Sat Apr/13 21:00 Washington D.C. United           0-2 New York Red Bulls
Sat Apr/13 21:55 FC Dallas           1-0 Los Angeles Galaxy

Week 8

Sun Apr/14 00:30 CD Chivas USA           0-1 Colorado Rapids
Sun Apr/14 13:59 Montreal Impact           1-1 Columbus Crew
Sun Apr/14 19:00 Houston Dynamo           2-1 Chicago Fire
Mon Apr/15 00:50 Portland Timbers           1-0 San Jose Earthquakes
Wed Apr/17 21:35 New York Red Bulls           0-1 Sporting Kansas City
Sat Apr/20 18:10 Toronto FC           1-1 Houston Dynamo
Sat Apr/20 20:00 Colorado Rapids           0-1 Seattle Sounders
Sat Apr/20 21:00 New York Red Bulls           4-1 New England Revolution
Sat Apr/20 22:30 Chicago Fire           1-0 Columbus Crew
Sat Apr/20 22:30 FC Dallas           2-0 Vancouver Whitecaps FC
Sat Apr/20 23:00 Real Salt Lake           1-0 CD Chivas USA

Week 9

Sun Apr/21 00:30 Los Angeles Galaxy           2-0 Sporting Kansas City
Sun Apr/21 19:00 Washington D.C. United           2-3 Philadelphia Union
Mon Apr/22 01:00 San Jose Earthquakes           1-1 Portland Timbers
Sat Apr/27 16:00 Toronto FC           1-2 New York Red Bulls
Sat Apr/27 18:20 Montreal Impact           2-0 Chicago Fire
Sat Apr/27 20:00 Vancouver Whitecaps FC           2-2 FC Dallas
Sat Apr/27 21:40 New England Revolution           2-0 Philadelphia Union
Sat Apr/27 22:25 Columbus Crew           3-0 Washington D.C. United
Sat Apr/27 22:30 Sporting Kansas City           2-3 Portland Timbers
Sat Apr/27 23:00 Real Salt Lake           0-2 Los Angeles Galaxy

Week 10

Sun Apr/28 00:30 CD Chivas USA           2-2 San Jose Earthquakes
Sun Apr/28 19:00 Houston Dynamo           1-1 Colorado Rapids
Fri May/3 00:30 Portland Timbers           0-0 New England Revolution
Sat May/4 18:00 San Jose Earthquakes           2-2 Montreal Impact
Sat May/4 18:00 Philadelphia Union           2-2 Seattle Sounders
Sat May/4 18:20 Columbus Crew           0-1 New York Red Bulls
Sat May/4 23:00 Real Salt Lake           2-0 Vancouver Whitecaps FC
Sat May/4 23:00 Colorado Rapids           1-0 Toronto FC

Week 11

Sun May/5 19:00 Sporting Kansas City           4-0 CD Chivas USA
Mon May/6 01:00 Los Angeles Galaxy           0-1 Houston Dynamo
Wed May/8 21:00 Washington D.C. United           0-4 Houston Dynamo
Wed May/8 21:30 New York Red Bulls           2-1 Montreal Impact
Wed May/8 22:00 New England Revolution           1-2 Real Salt Lake
Wed May/8 22:30 Sporting Kansas City           0-1 Seattle Sounders
Wed May/8 23:00 FC Dallas           1-1 Portland Timbers
Thu May/9 00:30 San Jose Earthquakes           2-1 Toronto FC
Sat May/11 15:30 Chicago Fire           0-1 Philadelphia Union
Sat May/11 16:00 Montreal Impact           3-2 Real Salt Lake
Sat May/11 18:00 Seattle Sounders           4-0 San Jose Earthquakes
Sat May/11 21:00 Vancouver Whitecaps FC           3-1 Los Angeles Galaxy
Sat May/11 21:30 Columbus Crew           0-2 Colorado Rapids
Sat May/11 21:30 New England Revolution           1-1 New York Red Bulls
Sat May/11 22:30 FC Dallas           2-1 Washington D.C. United

Week 12

Sun May/12 19:00 Portland Timbers           3-0 CD Chivas USA
Sun May/12 22:00 Houston Dynamo           0-1 Sporting Kansas City
Wed May/15 21:30 Philadelphia Union           1-4 Los Angeles Galaxy
Sat May/18 19:00 Toronto FC           0-1 Columbus Crew
Sat May/18 21:00 Vancouver Whitecaps FC           2-2 Portland Timbers
Sat May/18 21:30 Philadelphia Union           1-0 Chicago Fire
Sat May/18 22:30 Houston Dynamo           0-2 New England Revolution

Week 13

Sun May/19 00:30 Seattle Sounders           4-2 FC Dallas
Sun May/19 00:30 San Jose Earthquakes           1-1 Colorado Rapids
Sun May/19 15:15 New York Red Bulls           1-0 Los Angeles Galaxy
Sun May/19 19:00 Washington D.C. United           1-1 Sporting Kansas City
Mon May/20 00:30 CD Chivas USA           1-4 Real Salt Lake
Sat May/25 21:00 Montreal Impact           5-3 Philadelphia Union
Sat May/25 21:00 Washington D.C. United           0-2 Portland Timbers
Sat May/25 21:30 New England Revolution           2-0 Toronto FC
Sat May/25 22:30 FC Dallas           1-0 San Jose Earthquakes
Sat May/25 23:00 Real Salt Lake           1-1 Chicago Fire
Sat May/25 23:00 Colorado Rapids           2-0 CD Chivas USA

Week 14

Sun May/26 17:50 Sporting Kansas City           1-1 Houston Dynamo
Sun May/26 19:00 New York Red Bulls           2-2 Columbus Crew
Mon May/27 01:15 Los Angeles Galaxy           4-0 Seattle Sounders
Sat Jun/1 20:00 Toronto FC           1-1 Philadelphia Union
Sat Jun/1 21:00 New York Red Bulls           1-2 Vancouver Whitecaps FC
Sat Jun/1 21:30 Columbus Crew           1-1 Houston Dynamo
Sat Jun/1 22:30 Sporting Kansas City           1-2 Montreal Impact
Sat Jun/1 23:00 Colorado Rapids           2-2 FC Dallas
Sat Jun/1 23:30 Real Salt Lake           3-0 San Jose Earthquakes

Week 15

Sun Jun/2 00:30 CD Chivas USA           0-2 Seattle Sounders
Sun Jun/2 18:50 New England Revolution           5-0 Los Angeles Galaxy
Sun Jun/2 19:00 Chicago Fire           2-0 Washington D.C. United
Wed Jun/5 21:30 Philadelphia Union           3-0 Columbus Crew
Sat Jun/8 21:30 New England Revolution           0-0 Washington D.C. United
Sat Jun/8 22:30 Chicago Fire           2-2 Portland Timbers
Sat Jun/8 23:30 Real Salt Lake           3-1 Los Angeles Galaxy

Week 16

Sun Jun/9 00:55 Seattle Sounders           3-2 Vancouver Whitecaps FC
Sat Jun/15 19:00 Portland Timbers           1-0 FC Dallas
Sat Jun/15 21:00 Washington D.C. United           1-2 Toronto FC
Sat Jun/15 21:30 Columbus Crew           2-0 Montreal Impact
Sat Jun/15 23:00 Colorado Rapids           1-2 San Jose Earthquakes

Week 17

Sun Jun/16 00:00 Vancouver Whitecaps FC           4-3 New England Revolution
Wed Jun/19 22:05 Montreal Impact           2-0 Houston Dynamo
Wed Jun/19 22:30 Chicago Fire           2-1 Colorado Rapids
Thu Jun/20 00:00 Vancouver Whitecaps FC           3-1 CD Chivas USA
Thu Jun/20 00:30 Los Angeles Galaxy           0-0 Portland Timbers
Sat Jun/22 21:00 Washington D.C. United           1-0 San Jose Earthquakes
Sat Jun/22 22:00 Columbus Crew           1-2 Chicago Fire
Sat Jun/22 22:30 FC Dallas           2-2 Sporting Kansas City
Sat Jun/22 23:00 Houston Dynamo           0-0 Toronto FC
Sat Jun/22 23:30 Real Salt Lake           2-0 Seattle Sounders

Week 18

Sun Jun/23 19:00 Philadelphia Union           3-0 New York Red Bulls
Sun Jun/23 21:25 Portland Timbers           3-0 Colorado Rapids
Mon Jun/24 01:00 CD Chivas USA           0-1 Los Angeles Galaxy
Sat Jun/29 15:00 Toronto FC           0-1 Real Salt Lake
Sat Jun/29 19:50 Philadelphia Union           2-2 FC Dallas
Sat Jun/29 21:00 Montreal Impact           3-4 Colorado Rapids
Sat Jun/29 21:00 Washington D.C. United           0-1 Vancouver Whitecaps FC
Sat Jun/29 22:30 Sporting Kansas City           3-2 Columbus Crew

Week 19

Sun Jun/30 00:30 San Jose Earthquakes           3-2 Los Angeles Galaxy
Sun Jun/30 00:40 CD Chivas USA           1-1 New England Revolution
Sun Jun/30 16:00 New York Red Bulls           2-0 Houston Dynamo
Wed Jul/3 21:00 Toronto FC           3-3 Montreal Impact
Wed Jul/3 22:30 Chicago Fire           3-2 San Jose Earthquakes
Wed Jul/3 23:00 Sporting Kansas City           1-1 Vancouver Whitecaps FC
Thu Jul/4 00:00 Real Salt Lake           2-2 Philadelphia Union
Thu Jul/4 00:00 Seattle Sounders           2-0 Washington D.C. United
Thu Jul/4 23:00 FC Dallas           0-0 CD Chivas USA
Thu Jul/4 23:30 Colorado Rapids           2-0 New York Red Bulls
Fri Jul/5 00:30 Los Angeles Galaxy           2-1 Columbus Crew
Sat Jul/6 21:30 New England Revolution           2-0 San Jose Earthquakes
Sat Jul/6 23:00 Houston Dynamo           1-0 Philadelphia Union

Week 20

Sun Jul/7 01:25 Vancouver Whitecaps FC           2-0 Seattle Sounders
Sun Jul/7 17:00 Chicago Fire           1-2 Sporting Kansas City
Sun Jul/7 19:00 Columbus Crew           1-0 Portland Timbers
Sun Jul/7 21:00 Montreal Impact           1-1 CD Chivas USA
Sun Jul/7 23:30 Colorado Rapids           0-0 Washington D.C. United
Mon Jul/8 00:30 Los Angeles Galaxy           2-0 FC Dallas
Fri Jul/12 21:30 Philadelphia Union           3-1 CD Chivas USA
Sat Jul/13 21:00 New York Red Bulls           4-0 Montreal Impact
Sat Jul/13 21:30 New England Revolution           1-2 Houston Dynamo
Sat Jul/13 22:30 Sporting Kansas City           3-0 Toronto FC
Sat Jul/13 23:00 FC Dallas           0-3 Real Salt Lake

Week 21

Sun Jul/14 00:30 San Jose Earthquakes           1-0 Seattle Sounders
Sun Jul/14 01:00 Portland Timbers           2-1 Los Angeles Galaxy
Sun Jul/14 21:00 Vancouver Whitecaps FC           3-1 Chicago Fire
Wed Jul/17 23:00 Colorado Rapids           2-1 New England Revolution
Thu Jul/18 00:30 CD Chivas USA           1-0 Toronto FC
Sat Jul/20 18:00 Toronto FC           0-0 New York Red Bulls
Sat Jul/20 18:00 Seattle Sounders           1-1 Colorado Rapids
Sat Jul/20 21:00 Montreal Impact           0-0 FC Dallas
Sat Jul/20 21:30 Philadelphia Union           0-0 Portland Timbers
Sat Jul/20 21:30 Columbus Crew           0-2 New England Revolution
Sat Jul/20 22:30 Chicago Fire           4-1 Washington D.C. United

Week 22

Sun Jul/21 00:00 Real Salt Lake           1-2 Sporting Kansas City
Sun Jul/21 00:30 Los Angeles Galaxy           2-1 Vancouver Whitecaps FC
Sat Jul/27 16:00 Toronto FC           2-1 Columbus Crew
Sat Jul/27 21:00 Montreal Impact           1-0 Sporting Kansas City
Sat Jul/27 21:00 Vancouver Whitecaps FC           0-1 Philadelphia Union
Sat Jul/27 21:00 New York Red Bulls           4-3 Real Salt Lake
Sat Jul/27 21:00 Washington D.C. United           1-2 New England Revolution
Sat Jul/27 21:00 Colorado Rapids           2-0 Los Angeles Galaxy
Sat Jul/27 23:25 Houston Dynamo           1-1 Chicago Fire

Week 23

Sun Jul/28 00:30 San Jose Earthquakes           2-1 Portland Timbers
Mon Jul/29 01:00 Seattle Sounders           2-1 CD Chivas USA
Sat Aug/3 20:55 Sporting Kansas City           2-3 New York Red Bulls
Sat Aug/3 21:30 Washington D.C. United           3-1 Montreal Impact
Sat Aug/3 22:00 Philadelphia Union           1-2 Chicago Fire
Sat Aug/3 22:30 Colorado Rapids           2-2 Real Salt Lake
Sat Aug/3 23:00 Houston Dynamo           3-1 Columbus Crew

Week 24

Sun Aug/4 00:00 San Jose Earthquakes           2-0 CD Chivas USA
Sun Aug/4 00:30 Seattle Sounders           3-0 FC Dallas
Sun Aug/4 01:05 Portland Timbers           1-1 Vancouver Whitecaps FC
Sun Aug/4 21:30 New England Revolution           0-1 Toronto FC
Sat Aug/10 21:00 Toronto FC           1-2 Seattle Sounders
Sat Aug/10 21:30 Vancouver Whitecaps FC           2-0 San Jose Earthquakes
Sat Aug/10 21:30 Columbus Crew           2-0 New York Red Bulls
Sat Aug/10 22:00 Philadelphia Union           2-0 Washington D.C. United
Sat Aug/10 22:30 Sporting Kansas City           3-0 New England Revolution
Sat Aug/10 22:30 Chicago Fire           2-1 Montreal Impact
Sat Aug/10 23:30 Real Salt Lake           1-0 Houston Dynamo

Week 25

Sun Aug/11 22:00 FC Dallas           3-3 Los Angeles Galaxy
Mon Aug/12 01:00 CD Chivas USA           1-1 Colorado Rapids
Sat Aug/17 21:15 Montreal Impact           2-1 Washington D.C. United
Sat Aug/17 21:30 New England Revolution           2-0 Chicago Fire
Sat Aug/17 21:30 Columbus Crew           2-0 Toronto FC
Sat Aug/17 22:20 New York Red Bulls           0-0 Philadelphia Union
Sat Aug/17 23:00 Houston Dynamo           3-1 Seattle Sounders
Sat Aug/17 23:30 Colorado Rapids           2-0 Vancouver Whitecaps FC

Week 26

Sun Aug/18 00:30 Los Angeles Galaxy           4-2 Real Salt Lake
Sun Aug/18 01:00 Portland Timbers           2-1 FC Dallas
Mon Aug/19 00:00 San Jose Earthquakes           1-0 Sporting Kansas City
Thu Aug/22 00:30 CD Chivas USA           1-3 FC Dallas
Thu Aug/22 01:00 Portland Timbers           3-3 Real Salt Lake
Fri Aug/23 22:55 Chicago Fire           1-0 Sporting Kansas City
Sat Aug/24 21:00 Montreal Impact           5-0 Houston Dynamo
Sat Aug/24 21:05 Washington D.C. United           1-1 Toronto FC
Sat Aug/24 23:00 Vancouver Whitecaps FC           0-1 Los Angeles Galaxy
Sat Aug/24 23:00 FC Dallas           2-2 San Jose Earthquakes
Sat Aug/24 23:30 Real Salt Lake           4-0 Columbus Crew

Week 27

Sun Aug/25 19:00 CD Chivas USA           3-2 New York Red Bulls
Sun Aug/25 21:30 New England Revolution           5-1 Philadelphia Union
Mon Aug/26 00:00 Seattle Sounders           1-0 Portland Timbers
Fri Aug/30 21:00 Toronto FC           1-1 New England Revolution
Sat Aug/31 00:25 Real Salt Lake           4-2 Portland Timbers
Sat Aug/31 21:30 Philadelphia Union           0-0 Montreal Impact
Sat Aug/31 22:20 New York Red Bulls           2-1 Washington D.C. United
Sat Aug/31 22:30 Sporting Kansas City           2-1 Colorado Rapids
Sat Aug/31 23:10 Columbus Crew           0-1 Seattle Sounders

Week 28

Sun Sep/1 00:30 Los Angeles Galaxy           3-0 San Jose Earthquakes
Sun Sep/1 17:00 Chicago Fire           1-1 Houston Dynamo
Sun Sep/1 21:00 Vancouver Whitecaps FC           2-2 CD Chivas USA
Wed Sep/4 21:30 Columbus Crew           2-0 Houston Dynamo
Thu Sep/5 00:00 Seattle Sounders           1-0 CD Chivas USA
Sat Sep/7 22:30 FC Dallas           3-1 Vancouver Whitecaps FC
Sat Sep/7 22:30 Sporting Kansas City           3-0 Columbus Crew

Week 29

Sun Sep/8 00:25 Seattle Sounders           2-1 Chicago Fire
Sun Sep/8 00:30 Los Angeles Galaxy           0-1 Colorado Rapids
Sun Sep/8 01:00 Portland Timbers           4-0 Toronto FC
Sun Sep/8 19:00 Houston Dynamo           1-4 New York Red Bulls
Sun Sep/8 21:30 New England Revolution           2-4 Montreal Impact
Sun Sep/8 23:00 CD Chivas USA           1-0 Washington D.C. United
Mon Sep/9 01:00 San Jose Earthquakes           1-0 Philadelphia Union
Wed Sep/11 21:30 Toronto FC           1-1 Chicago Fire
Sat Sep/14 00:20 Seattle Sounders           2-0 Real Salt Lake
Sat Sep/14 16:00 Montreal Impact           1-2 Columbus Crew
Sat Sep/14 18:00 Washington D.C. United           2-2 Los Angeles Galaxy
Sat Sep/14 21:00 New York Red Bulls           2-0 Toronto FC
Sat Sep/14 21:30 Philadelphia Union           0-1 Houston Dynamo
Sat Sep/14 22:30 Chicago Fire           3-2 New England Revolution
Sat Sep/14 23:55 Colorado Rapids           2-1 FC Dallas

Week 30

Sun Sep/15 00:35 CD Chivas USA           1-1 Portland Timbers
Sun Sep/15 00:35 San Jose Earthquakes           0-0 Vancouver Whitecaps FC
Sat Sep/21 00:25 Portland Timbers           1-0 Colorado Rapids
Sat Sep/21 16:00 Montreal Impact           0-3 Vancouver Whitecaps FC
Sat Sep/21 18:00 Toronto FC           1-2 Sporting Kansas City
Sat Sep/21 21:30 New England Revolution           2-1 Washington D.C. United
Sat Sep/21 21:30 Columbus Crew           3-0 Chicago Fire
Sat Sep/21 22:30 Houston Dynamo           5-1 CD Chivas USA
Sat Sep/21 23:00 Real Salt Lake           1-2 San Jose Earthquakes

Week 31

Sun Sep/22 00:55 Los Angeles Galaxy           1-1 Seattle Sounders
Sun Sep/22 19:00 New York Red Bulls           1-0 FC Dallas
Fri Sep/27 22:20 Sporting Kansas City           0-1 Philadelphia Union
Sat Sep/28 15:00 Toronto FC           4-1 Washington D.C. United
Sat Sep/28 21:00 Vancouver Whitecaps FC           0-1 Real Salt Lake
Sat Sep/28 21:30 New England Revolution           1-1 Houston Dynamo
Sat Sep/28 22:30 Chicago Fire           2-2 Montreal Impact

Week 32

Sun Sep/29 17:50 Portland Timbers           1-0 Los Angeles Galaxy
Sun Sep/29 22:30 FC Dallas           2-4 Columbus Crew
Sun Sep/29 23:00 Seattle Sounders           1-1 New York Red Bulls
Mon Sep/30 01:00 CD Chivas USA           0-1 San Jose Earthquakes
Fri Oct/4 22:20 Washington D.C. United           0-3 Chicago Fire
Fri Oct/4 22:30 Houston Dynamo           1-0 Montreal Impact
Sat Oct/5 21:05 New York Red Bulls           2-2 New England Revolution
Sat Oct/5 21:30 Columbus Crew           0-1 Sporting Kansas City
Sat Oct/5 21:30 Philadelphia Union           1-0 Toronto FC
Sat Oct/5 23:00 Real Salt Lake           1-1 FC Dallas

Week 33

Sun Oct/6 00:25 Colorado Rapids           5-1 Seattle Sounders
Sun Oct/6 19:00 Los Angeles Galaxy           5-0 CD Chivas USA
Sun Oct/6 22:00 Vancouver Whitecaps FC           2-2 Portland Timbers
Wed Oct/9 22:30 Houston Dynamo           0-0 Sporting Kansas City
Thu Oct/10 00:00 Seattle Sounders           1-4 Vancouver Whitecaps FC
Thu Oct/10 00:30 San Jose Earthquakes           1-0 Colorado Rapids
Sat Oct/12 16:30 Montreal Impact           0-1 New England Revolution
Sat Oct/12 21:00 Washington D.C. United           1-1 Philadelphia Union
Sat Oct/12 22:30 FC Dallas           2-3 Chicago Fire

Week 34

Sun Oct/13 23:10 Portland Timbers           1-0 Seattle Sounders
Thu Oct/17 00:30 Los Angeles Galaxy           1-0 Montreal Impact
Fri Oct/18 22:20 Sporting Kansas City           1-0 Washington D.C. United
Sat Oct/19 16:00 Montreal Impact           2-1 Philadelphia Union
Sat Oct/19 16:30 FC Dallas           2-0 Seattle Sounders
Sat Oct/19 20:00 Colorado Rapids           3-2 Vancouver Whitecaps FC
Sat Oct/19 21:30 New England Revolution           3-2 Columbus Crew
Sat Oct/19 22:30 Chicago Fire           1-0 Toronto FC

Week 35

Sun Oct/20 00:30 Portland Timbers           0-0 Real Salt Lake
Sun Oct/20 18:00 Houston Dynamo           0-3 New York Red Bulls
Sun Oct/20 23:00 Los Angeles Galaxy           0-0 San Jose Earthquakes
Wed Oct/23 23:00 Real Salt Lake           2-1 CD Chivas USA
Sat Oct/26 17:00 Philadelphia Union           1-2 Sporting Kansas City
Sat Oct/26 18:15 Toronto FC           1-0 Montreal Impact
Sat Oct/26 19:50 San Jose Earthquakes           2-1 FC Dallas

Week 36

Sun Oct/27 00:30 CD Chivas USA           0-5 Portland Timbers
Sun Oct/27 15:50 Washington D.C. United           1-2 Houston Dynamo
Sun Oct/27 18:00 Columbus Crew           0-1 New England Revolution
Sun Oct/27 19:00 New York Red Bulls           5-2 Chicago Fire
Sun Oct/27 22:05 Vancouver Whitecaps FC           3-0 Colorado Rapids
Sun Oct/27 23:00 Seattle Sounders           1-1 Los Angeles Galaxy


# Play-offs


Week 37

Thu Oct/31 00:40 Seattle Sounders           2-0 Colorado Rapids
Thu Oct/31 22:40 Houston Dynamo           3-0 Montreal Impact


# Quarter Final


Week 38

Sat Nov/2 22:00 New England Revolution           2-1 Sporting Kansas City

Week 39

Sun Nov/3 00:20 Seattle Sounders           1-2 Portland Timbers
Sun Nov/3 17:55 Houston Dynamo           2-2 New York Red Bulls
Sun Nov/3 23:00 Los Angeles Galaxy           1-0 Real Salt Lake
Wed Nov/6 22:05 New York Red Bulls           1-1 Houston Dynamo
Wed Nov/6 23:15 Sporting Kansas City           2-1 New England Revolution
Thu Nov/7 23:00 Real Salt Lake           1-0 Los Angeles Galaxy
Fri Nov/8 01:20 Portland Timbers           3-2 Seattle Sounders


# Semifinal


Week 40

Sat Nov/9 16:30 Houston Dynamo           0-0 Sporting Kansas City

Week 41

Sun Nov/10 23:10 Real Salt Lake           4-2 Portland Timbers

Week 42

Sat Nov/23 21:50 Sporting Kansas City           2-1 Houston Dynamo

Week 43

Sun Nov/24 23:10 Portland Timbers           0-1 Real Salt Lake


# Final


Week 44

Sat Dec/7 18:20 Sporting Kansas City           1-1 Real Salt Lake

