
# Qualifying


Week 1

Wed Mar/16 00:00 Seattle Sounders           0-1 Los Angeles Galaxy
Sat Mar/19 20:30 Vancouver Whitecaps FC           4-2 Toronto FC
Sat Mar/19 21:30 Washington D.C. United           3-1 Columbus Crew
Sat Mar/19 21:30 New York Red Bulls           1-0 Seattle Sounders
Sat Mar/19 22:30 FC Dallas           1-1 Chicago Fire
Sat Mar/19 22:30 Houston Dynamo           0-1 Philadelphia Union
Sat Mar/19 23:00 Colorado Rapids           3-1 Portland Timbers

Week 2

Sun Mar/20 00:30 CD Chivas USA           2-3 Sporting Kansas City
Sun Mar/20 00:30 San Jose Earthquakes           0-1 Real Salt Lake
Sun Mar/20 22:00 Los Angeles Galaxy           1-1 New England Revolution
Sat Mar/26 00:00 Seattle Sounders           1-1 Houston Dynamo
Sat Mar/26 16:00 Toronto FC           2-0 Portland Timbers
Sat Mar/26 18:00 Columbus Crew           0-0 New York Red Bulls
Sat Mar/26 18:00 Chicago Fire           3-2 Sporting Kansas City
Sat Mar/26 18:00 Philadelphia Union           1-0 Vancouver Whitecaps FC
Sat Mar/26 18:30 New England Revolution           2-1 Washington D.C. United
Sat Mar/26 23:00 Real Salt Lake           4-1 Los Angeles Galaxy
Sat Mar/26 23:00 FC Dallas           0-2 San Jose Earthquakes

Week 3

Sun Mar/27 00:30 CD Chivas USA           0-1 Colorado Rapids
Fri Apr/1 21:30 Columbus Crew           2-0 FC Dallas
Sat Apr/2 15:00 Toronto FC           1-1 CD Chivas USA
Sat Apr/2 21:00 Vancouver Whitecaps FC           3-3 Sporting Kansas City
Sat Apr/2 21:40 New England Revolution           1-1 Portland Timbers
Sat Apr/2 21:40 New York Red Bulls           1-1 Houston Dynamo

Week 4

Sun Apr/3 00:30 Los Angeles Galaxy           1-0 Philadelphia Union
Sun Apr/3 00:30 San Jose Earthquakes           2-2 Seattle Sounders
Sun Apr/3 21:00 Colorado Rapids           4-1 Washington D.C. United
Thu Apr/7 00:00 Vancouver Whitecaps FC           1-1 New England Revolution
Fri Apr/8 23:00 FC Dallas           3-0 Colorado Rapids
Sat Apr/9 18:00 Seattle Sounders           2-1 Chicago Fire
Sat Apr/9 21:00 Philadelphia Union           1-0 New York Red Bulls
Sat Apr/9 21:30 New England Revolution           0-2 Real Salt Lake
Sat Apr/9 21:30 Washington D.C. United           1-1 Los Angeles Galaxy

Week 5

Sun Apr/10 00:30 CD Chivas USA           0-0 Columbus Crew
Sun Apr/10 00:30 San Jose Earthquakes           1-1 Toronto FC
Sun Apr/10 21:00 Houston Dynamo           3-1 Vancouver Whitecaps FC
Wed Apr/13 22:00 Toronto FC           0-0 Los Angeles Galaxy
Wed Apr/13 23:00 Real Salt Lake           1-0 Colorado Rapids
Fri Apr/15 01:15 Portland Timbers           4-2 Chicago Fire
Sat Apr/16 18:00 Philadelphia Union           1-1 Seattle Sounders
Sat Apr/16 21:00 Vancouver Whitecaps FC           0-0 CD Chivas USA
Sat Apr/16 21:00 Toronto FC           0-3 Washington D.C. United
Sat Apr/16 21:30 Columbus Crew           1-0 Sporting Kansas City
Sat Apr/16 21:30 New York Red Bulls           3-0 San Jose Earthquakes

Week 6

Sun Apr/17 18:00 Chicago Fire           1-2 Los Angeles Galaxy
Sun Apr/17 20:00 Portland Timbers           3-2 FC Dallas
Sun Apr/17 21:00 Houston Dynamo           1-0 New England Revolution
Thu Apr/21 22:00 Washington D.C. United           0-4 New York Red Bulls
Fri Apr/22 23:30 Colorado Rapids           0-1 Seattle Sounders
Sat Apr/23 18:00 San Jose Earthquakes           1-2 CD Chivas USA
Sat Apr/23 18:00 Toronto FC           1-1 Columbus Crew
Sat Apr/23 21:00 Vancouver Whitecaps FC           1-2 FC Dallas
Sat Apr/23 21:30 New England Revolution           3-2 Sporting Kansas City
Sat Apr/23 22:30 Chicago Fire           1-1 Houston Dynamo

Week 7

Sun Apr/24 01:00 Los Angeles Galaxy           3-0 Portland Timbers
Fri Apr/29 22:30 Houston Dynamo           4-1 Washington D.C. United
Sat Apr/30 18:00 Philadelphia Union           1-0 San Jose Earthquakes
Sat Apr/30 21:30 New York Red Bulls           1-0 Sporting Kansas City
Sat Apr/30 21:30 Columbus Crew           2-1 Vancouver Whitecaps FC
Sat Apr/30 23:00 Colorado Rapids           1-1 Chicago Fire

Week 8

Sun May/1 00:00 Seattle Sounders           3-0 Toronto FC
Sun May/1 00:30 Portland Timbers           1-0 Real Salt Lake
Sun May/1 00:30 CD Chivas USA           3-0 New England Revolution
Sun May/1 21:00 FC Dallas           2-1 Los Angeles Galaxy
Wed May/4 21:30 Washington D.C. United           2-1 Seattle Sounders
Wed May/4 22:30 Houston Dynamo           1-2 Colorado Rapids
Sat May/7 00:30 Portland Timbers           1-0 Philadelphia Union
Sat May/7 18:00 Real Salt Lake           1-0 CD Chivas USA
Sat May/7 21:00 Toronto FC           2-1 Houston Dynamo
Sat May/7 21:30 Washington D.C. United           0-0 FC Dallas
Sat May/7 21:30 Columbus Crew           1-1 Seattle Sounders
Sat May/7 21:30 New England Revolution           0-0 Colorado Rapids
Sat May/7 22:30 Chicago Fire           0-0 Vancouver Whitecaps FC

Week 9

Sun May/8 01:00 Los Angeles Galaxy           1-1 New York Red Bulls
Wed May/11 21:30 Philadelphia Union           1-1 Los Angeles Galaxy
Wed May/11 23:00 FC Dallas           1-0 Toronto FC
Thu May/12 00:00 Vancouver Whitecaps FC           1-1 San Jose Earthquakes
Sat May/14 21:00 Toronto FC           2-2 Chicago Fire
Sat May/14 21:30 New England Revolution           1-0 Vancouver Whitecaps FC
Sat May/14 21:30 Washington D.C. United           1-1 Colorado Rapids
Sat May/14 22:30 FC Dallas           2-0 Philadelphia Union
Sat May/14 23:00 Real Salt Lake           0-0 Houston Dynamo

Week 10

Sun May/15 00:30 San Jose Earthquakes           3-0 Columbus Crew
Sun May/15 00:30 Los Angeles Galaxy           4-1 Sporting Kansas City
Sun May/15 01:00 Seattle Sounders           1-1 Portland Timbers
Sun May/15 21:35 New York Red Bulls           2-3 CD Chivas USA
Sat May/21 22:10 Philadelphia Union           2-1 Chicago Fire
Sat May/21 22:30 Houston Dynamo           2-2 New York Red Bulls

Week 11

Sun May/22 00:00 CD Chivas USA           0-1 Los Angeles Galaxy
Sun May/22 00:00 Seattle Sounders           1-0 Sporting Kansas City
Sun May/22 00:40 San Jose Earthquakes           2-1 New England Revolution
Sun May/22 01:10 Portland Timbers           1-0 Columbus Crew
Sun May/22 21:00 Colorado Rapids           0-0 Toronto FC
Sun May/22 21:00 FC Dallas           0-0 Real Salt Lake
Wed May/25 22:15 New York Red Bulls           2-2 Colorado Rapids
Thu May/26 00:00 Seattle Sounders           0-1 FC Dallas
Thu May/26 00:30 Los Angeles Galaxy           1-0 Houston Dynamo
Sat May/28 14:45 Toronto FC           2-6 Philadelphia Union
Sat May/28 19:40 Vancouver Whitecaps FC           1-1 New York Red Bulls
Sat May/28 21:30 Columbus Crew           3-3 CD Chivas USA
Sat May/28 22:00 New England Revolution           0-1 Los Angeles Galaxy
Sat May/28 22:30 Houston Dynamo           2-2 FC Dallas
Sat May/28 22:30 Chicago Fire           2-2 San Jose Earthquakes
Sat May/28 23:00 Colorado Rapids           1-1 Sporting Kansas City
Sat May/28 23:00 Real Salt Lake           1-2 Seattle Sounders

Week 12

Sun May/29 19:00 Portland Timbers           2-3 Washington D.C. United
Thu Jun/2 00:30 CD Chivas USA           1-1 Vancouver Whitecaps FC
Sat Jun/4 01:00 Los Angeles Galaxy           0-0 Washington D.C. United
Sat Jun/4 21:00 Toronto FC           0-0 Sporting Kansas City
Sat Jun/4 21:30 New York Red Bulls           1-1 Columbus Crew
Sat Jun/4 22:30 FC Dallas           1-0 New England Revolution
Sat Jun/4 22:30 Chicago Fire           0-0 Seattle Sounders
Sat Jun/4 23:00 Colorado Rapids           1-1 Philadelphia Union
Sat Jun/4 23:00 Real Salt Lake           2-0 Vancouver Whitecaps FC

Week 13

Sun Jun/5 00:30 CD Chivas USA           1-0 Portland Timbers
Sun Jun/5 00:35 San Jose Earthquakes           2-0 Houston Dynamo
Wed Jun/8 21:35 Columbus Crew           2-1 Real Salt Lake
Fri Jun/10 00:00 Sporting Kansas City           0-0 Chicago Fire
Fri Jun/10 22:30 New York Red Bulls           2-1 New England Revolution
Sat Jun/11 18:00 Philadelphia Union           1-1 Real Salt Lake
Sat Jun/11 21:30 Washington D.C. United           2-4 San Jose Earthquakes
Sat Jun/11 22:30 Houston Dynamo           2-1 CD Chivas USA

Week 14

Sun Jun/12 00:30 Seattle Sounders           2-2 Vancouver Whitecaps FC
Sun Jun/12 00:30 Portland Timbers           0-1 Colorado Rapids
Sun Jun/12 00:45 Los Angeles Galaxy           2-2 Toronto FC
Sun Jun/12 18:00 Columbus Crew           0-1 Chicago Fire
Sun Jun/12 21:00 FC Dallas           1-4 Sporting Kansas City
Wed Jun/15 22:00 New England Revolution           0-0 Toronto FC
Fri Jun/17 22:30 Sporting Kansas City           1-0 San Jose Earthquakes
Sat Jun/18 21:00 Toronto FC           0-1 Seattle Sounders
Sat Jun/18 21:30 New England Revolution           1-1 Chicago Fire
Sat Jun/18 22:30 Houston Dynamo           0-2 Columbus Crew
Sat Jun/18 23:00 Real Salt Lake           1-1 Washington D.C. United
Sat Jun/18 23:00 Colorado Rapids           1-3 Los Angeles Galaxy

Week 15

Sun Jun/19 00:00 Vancouver Whitecaps FC           1-0 Philadelphia Union
Sun Jun/19 00:30 CD Chivas USA           1-2 FC Dallas
Mon Jun/20 00:00 Portland Timbers           3-3 New York Red Bulls
Wed Jun/22 21:30 Philadelphia Union           0-0 Sporting Kansas City
Wed Jun/22 22:30 Chicago Fire           0-0 Real Salt Lake
Fri Jun/24 00:00 Seattle Sounders           4-2 New York Red Bulls
Sat Jun/25 20:00 Washington D.C. United           2-2 Houston Dynamo
Sat Jun/25 20:30 San Jose Earthquakes           0-0 Los Angeles Galaxy
Sat Jun/25 22:00 Philadelphia Union           3-2 CD Chivas USA
Sat Jun/25 22:30 Sporting Kansas City           2-1 Vancouver Whitecaps FC
Sat Jun/25 22:30 FC Dallas           4-0 Portland Timbers
Sat Jun/25 23:00 Real Salt Lake           3-1 Toronto FC

Week 16

Sun Jun/26 16:10 Chicago Fire           1-1 New York Red Bulls
Sun Jun/26 18:00 Seattle Sounders           2-1 New England Revolution
Sun Jun/26 22:00 Columbus Crew           4-1 Colorado Rapids
Wed Jun/29 21:30 Toronto FC           1-0 Vancouver Whitecaps FC
Sat Jul/2 21:00 Washington D.C. United           2-2 Philadelphia Union
Sat Jul/2 23:00 FC Dallas           2-0 Columbus Crew

Week 17

Sun Jul/3 00:00 CD Chivas USA           1-1 Chicago Fire
Sun Jul/3 00:30 San Jose Earthquakes           2-2 New York Red Bulls
Sun Jul/3 01:00 Portland Timbers           1-2 Sporting Kansas City
Sun Jul/3 23:00 Colorado Rapids           0-0 Houston Dynamo
Mon Jul/4 22:30 Real Salt Lake           3-3 New England Revolution
Tue Jul/5 00:30 Los Angeles Galaxy           0-0 Seattle Sounders
Wed Jul/6 22:15 New York Red Bulls           5-0 Toronto FC
Wed Jul/6 22:30 Sporting Kansas City           1-1 Colorado Rapids
Thu Jul/7 00:15 Vancouver Whitecaps FC           0-1 Columbus Crew
Thu Jul/7 00:30 CD Chivas USA           2-0 San Jose Earthquakes
Sat Jul/9 21:30 Sporting Kansas City           1-1 CD Chivas USA
Sat Jul/9 21:30 New York Red Bulls           0-1 Washington D.C. United
Sat Jul/9 22:30 Houston Dynamo           2-0 Toronto FC
Sat Jul/9 23:00 Real Salt Lake           2-0 FC Dallas
Sat Jul/9 23:00 Colorado Rapids           2-1 Vancouver Whitecaps FC

Week 18

Sun Jul/10 00:30 Los Angeles Galaxy           2-1 Chicago Fire
Sun Jul/10 00:30 San Jose Earthquakes           0-0 Philadelphia Union
Sun Jul/10 18:00 Portland Timbers           2-3 Seattle Sounders
Sat Jul/16 18:00 Seattle Sounders           4-3 Colorado Rapids
Sat Jul/16 21:30 Columbus Crew           0-0 San Jose Earthquakes
Sat Jul/16 22:30 Chicago Fire           0-1 Portland Timbers
Sat Jul/16 22:30 Houston Dynamo           1-1 Sporting Kansas City
Sat Jul/16 23:00 FC Dallas           0-0 Washington D.C. United

Week 19

Sun Jul/17 00:30 CD Chivas USA           0-0 New York Red Bulls
Sun Jul/17 21:00 New England Revolution           0-3 Philadelphia Union
Wed Jul/20 21:30 Washington D.C. United           0-1 New England Revolution
Wed Jul/20 22:00 Toronto FC           0-1 FC Dallas
Wed Jul/20 23:30 Colorado Rapids           4-1 New York Red Bulls
Thu Jul/21 00:30 San Jose Earthquakes           2-2 Vancouver Whitecaps FC
Thu Jul/21 00:30 Los Angeles Galaxy           1-0 Columbus Crew
Sat Jul/23 20:00 New York Red Bulls           2-2 FC Dallas
Sat Jul/23 22:00 Columbus Crew           1-0 Portland Timbers
Sat Jul/23 22:30 Sporting Kansas City           4-2 Toronto FC
Sat Jul/23 23:00 Colorado Rapids           2-2 New England Revolution

Week 20

Sun Jul/24 00:00 Real Salt Lake           4-0 San Jose Earthquakes
Sun Jul/24 00:30 CD Chivas USA           3-0 Houston Dynamo
Fri Jul/29 21:30 Philadelphia Union           1-2 Colorado Rapids
Sat Jul/30 21:30 Vancouver Whitecaps FC           0-4 Los Angeles Galaxy
Sat Jul/30 22:30 Sporting Kansas City           1-1 New England Revolution
Sat Jul/30 22:30 Houston Dynamo           3-1 Seattle Sounders
Sat Jul/30 23:00 Real Salt Lake           0-2 Columbus Crew

Week 21

Sun Jul/31 00:30 San Jose Earthquakes           0-2 Washington D.C. United
Sun Jul/31 01:00 Portland Timbers           2-2 Toronto FC
Sun Jul/31 21:00 FC Dallas           1-0 CD Chivas USA
Wed Aug/3 22:30 Sporting Kansas City           2-0 Real Salt Lake
Wed Aug/3 23:00 Chicago Fire           1-1 Philadelphia Union
Thu Aug/4 00:30 Portland Timbers           3-0 Los Angeles Galaxy
Fri Aug/5 23:30 Colorado Rapids           2-0 Columbus Crew
Sat Aug/6 21:30 Washington D.C. United           3-3 Toronto FC
Sat Aug/6 21:30 New England Revolution           2-3 CD Chivas USA
Sat Aug/6 22:00 Philadelphia Union           1-1 Houston Dynamo
Sat Aug/6 22:30 Sporting Kansas City           1-2 Seattle Sounders
Sat Aug/6 23:00 Real Salt Lake           3-0 New York Red Bulls

Week 22

Sun Aug/7 00:30 Los Angeles Galaxy           3-1 FC Dallas
Sun Aug/7 00:30 San Jose Earthquakes           1-1 Portland Timbers
Sun Aug/7 21:00 Vancouver Whitecaps FC           4-2 Chicago Fire
Sat Aug/13 18:00 Seattle Sounders           0-0 CD Chivas USA
Sat Aug/13 21:00 Toronto FC           1-0 Real Salt Lake
Sat Aug/13 21:30 Columbus Crew           3-1 New England Revolution
Sat Aug/13 21:30 New York Red Bulls           2-2 Chicago Fire
Sat Aug/13 21:30 Washington D.C. United           4-0 Vancouver Whitecaps FC
Sat Aug/13 22:00 Philadelphia Union           2-2 FC Dallas

Week 23

Sun Aug/14 00:30 San Jose Earthquakes           1-2 Colorado Rapids
Sun Aug/14 23:00 Houston Dynamo           2-1 Portland Timbers
Wed Aug/17 22:00 New England Revolution           1-1 Houston Dynamo
Wed Aug/17 22:30 Sporting Kansas City           3-1 Portland Timbers
Thu Aug/18 23:05 Chicago Fire           1-1 Washington D.C. United
Sat Aug/20 21:30 New England Revolution           2-2 New York Red Bulls
Sat Aug/20 22:00 Columbus Crew           2-1 Philadelphia Union
Sat Aug/20 22:30 Houston Dynamo           3-2 Real Salt Lake
Sat Aug/20 23:00 Colorado Rapids           2-2 CD Chivas USA
Sat Aug/20 23:00 FC Dallas           0-1 Seattle Sounders

Week 24

Sun Aug/21 00:00 Portland Timbers           2-1 Vancouver Whitecaps FC
Sun Aug/21 00:30 Los Angeles Galaxy           2-0 San Jose Earthquakes
Sun Aug/21 21:00 Chicago Fire           2-0 Toronto FC
Sun Aug/21 22:30 Sporting Kansas City           1-0 Washington D.C. United
Thu Aug/25 01:00 Portland Timbers           1-0 CD Chivas USA
Sat Aug/27 18:00 Seattle Sounders           6-2 Columbus Crew
Sat Aug/27 21:00 Vancouver Whitecaps FC           1-0 Houston Dynamo
Sat Aug/27 21:00 Toronto FC           1-1 San Jose Earthquakes
Sat Aug/27 22:30 Chicago Fire           2-0 Colorado Rapids
Sat Aug/27 22:30 Sporting Kansas City           2-3 FC Dallas

Week 25

Sun Aug/28 00:30 CD Chivas USA           0-1 Real Salt Lake

Week 26

Wed Sep/7 22:00 Philadelphia Union           4-4 New England Revolution
Sat Sep/3 23:00 Real Salt Lake           2-1 Philadelphia Union
Mon Sep/5 20:00 Sporting Kansas City           2-2 Los Angeles Galaxy
Sat Sep/10 01:00 Los Angeles Galaxy           1-0 Colorado Rapids
Sat Sep/10 18:00 Sporting Kansas City           3-0 Houston Dynamo
Sat Sep/10 18:00 Seattle Sounders           1-2 Real Salt Lake
Sat Sep/10 21:30 New York Red Bulls           1-1 Vancouver Whitecaps FC
Sat Sep/10 21:30 New England Revolution           2-0 FC Dallas
Sat Sep/10 21:30 Philadelphia Union           0-0 Portland Timbers
Sat Sep/10 21:30 Columbus Crew           2-4 Toronto FC

Week 27

Sun Sep/11 00:30 CD Chivas USA           0-3 Washington D.C. United
Sun Sep/11 00:30 San Jose Earthquakes           2-0 Chicago Fire
Wed Sep/14 21:30 Columbus Crew           2-2 Houston Dynamo
Sat Sep/17 01:00 Portland Timbers           3-0 New England Revolution
Sat Sep/17 15:30 Toronto FC           2-1 Colorado Rapids
Sat Sep/17 18:00 Chicago Fire           3-2 CD Chivas USA
Sat Sep/17 21:30 Philadelphia Union           1-0 Columbus Crew
Sat Sep/17 22:30 FC Dallas           0-1 New York Red Bulls
Sat Sep/17 22:30 Houston Dynamo           2-1 San Jose Earthquakes
Sat Sep/17 23:00 Real Salt Lake           1-0 Sporting Kansas City
Sat Sep/17 23:00 Seattle Sounders           3-0 Washington D.C. United

Week 28

Sun Sep/18 00:30 Los Angeles Galaxy           3-0 Vancouver Whitecaps FC
Wed Sep/21 21:30 Washington D.C. United           2-2 CD Chivas USA
Wed Sep/21 22:15 New York Red Bulls           1-3 Real Salt Lake
Thu Sep/22 00:30 Portland Timbers           1-1 San Jose Earthquakes
Fri Sep/23 22:30 Sporting Kansas City           1-1 Philadelphia Union
Sat Sep/24 18:00 FC Dallas           0-1 Houston Dynamo
Sat Sep/24 21:30 New York Red Bulls           2-0 Portland Timbers
Sat Sep/24 21:30 Columbus Crew           0-1 Los Angeles Galaxy
Sat Sep/24 21:30 Washington D.C. United           4-1 Real Salt Lake
Sat Sep/24 23:00 Colorado Rapids           1-1 San Jose Earthquakes

Week 29

Sun Sep/25 00:30 CD Chivas USA           3-0 Toronto FC
Sun Sep/25 00:30 Vancouver Whitecaps FC           1-3 Seattle Sounders
Sun Sep/25 18:00 Chicago Fire           3-2 New England Revolution
Wed Sep/28 22:30 Sporting Kansas City           2-1 Columbus Crew
Wed Sep/28 23:00 Real Salt Lake           0-3 Chicago Fire
Thu Sep/29 22:05 Philadelphia Union           3-2 Washington D.C. United
Sat Oct/1 18:00 Houston Dynamo           1-1 Chicago Fire
Sat Oct/1 21:30 New England Revolution           1-2 Seattle Sounders
Sat Oct/1 21:30 Toronto FC           1-1 New York Red Bulls
Sat Oct/1 23:00 Colorado Rapids           1-0 FC Dallas

Week 30

Sun Oct/2 00:30 San Jose Earthquakes           1-1 Sporting Kansas City
Sun Oct/2 00:30 Los Angeles Galaxy           2-1 Real Salt Lake
Sun Oct/2 18:00 Columbus Crew           2-1 Washington D.C. United
Sun Oct/2 18:45 Vancouver Whitecaps FC           0-1 Portland Timbers
Sun Oct/2 22:00 CD Chivas USA           1-1 Philadelphia Union
Tue Oct/4 22:00 New York Red Bulls           2-0 Los Angeles Galaxy
Thu Oct/6 23:30 Vancouver Whitecaps FC           3-0 Real Salt Lake
Sat Oct/8 21:30 New England Revolution           1-2 San Jose Earthquakes

Week 31

Sun Oct/9 00:00 Seattle Sounders           0-2 Philadelphia Union
Wed Oct/12 22:30 Chicago Fire           1-2 FC Dallas
Thu Oct/13 00:00 Vancouver Whitecaps FC           2-1 Washington D.C. United
Sat Oct/15 00:30 Colorado Rapids           0-0 Real Salt Lake
Sat Oct/15 00:30 Portland Timbers           0-2 Houston Dynamo
Sat Oct/15 18:00 Sporting Kansas City           2-0 New York Red Bulls
Sat Oct/15 18:00 Philadelphia Union           1-1 Toronto FC
Sat Oct/15 21:30 New England Revolution           0-3 Columbus Crew
Sat Oct/15 21:30 Washington D.C. United           1-2 Chicago Fire
Sat Oct/15 22:30 FC Dallas           2-0 Vancouver Whitecaps FC

Week 32

Sun Oct/16 00:30 Seattle Sounders           2-1 San Jose Earthquakes
Sun Oct/16 23:10 Los Angeles Galaxy           1-0 CD Chivas USA
Wed Oct/19 22:00 Washington D.C. United           1-1 Portland Timbers
Thu Oct/20 22:10 New York Red Bulls           1-0 Philadelphia Union
Sat Oct/22 14:30 Toronto FC           2-2 New England Revolution
Sat Oct/22 21:00 Vancouver Whitecaps FC           1-2 Colorado Rapids
Sat Oct/22 21:30 Washington D.C. United           0-1 Sporting Kansas City
Sat Oct/22 22:30 Chicago Fire           3-2 Columbus Crew
Sat Oct/22 23:00 Real Salt Lake           1-1 Portland Timbers

Week 33

Sun Oct/23 00:30 CD Chivas USA           1-3 Seattle Sounders
Sun Oct/23 00:30 San Jose Earthquakes           4-2 FC Dallas
Sun Oct/23 21:00 Houston Dynamo           3-1 Los Angeles Galaxy


# Play-offs


Week 34

Wed Oct/26 23:00 FC Dallas           0-2 New York Red Bulls
Fri Oct/28 00:00 Colorado Rapids           1-0 Columbus Crew


# Quarter Final


Week 35

Sun Oct/30 00:00 Real Salt Lake           3-0 Seattle Sounders
Sun Oct/30 17:10 New York Red Bulls           0-1 Los Angeles Galaxy
Sun Oct/30 19:15 Philadelphia Union           1-2 Houston Dynamo
Sun Oct/30 21:30 Colorado Rapids           0-2 Sporting Kansas City
Wed Nov/2 22:00 Sporting Kansas City           2-0 Colorado Rapids
Thu Nov/3 00:20 Seattle Sounders           2-0 Real Salt Lake
Thu Nov/3 22:45 Houston Dynamo           1-0 Philadelphia Union
Fri Nov/4 01:00 Los Angeles Galaxy           2-1 New York Red Bulls


# Semifinal


Week 36

Sun Nov/6 19:30 Sporting Kansas City           0-2 Houston Dynamo
Sun Nov/6 23:20 Los Angeles Galaxy           3-1 Real Salt Lake


# Final


Week 37

Sun Nov/20 23:30 Los Angeles Galaxy           1-0 Houston Dynamo

