
# Qualifying


Week 1

Sat Mar/29 18:00 Columbus Crew           2-0 Toronto FC
Sat Mar/29 20:05 Real Salt Lake           1-1 Chicago Fire
Sat Mar/29 21:30 New England Revolution           3-0 Houston Dynamo
Sat Mar/29 22:00 Kansas City Wizards           2-0 Washington D.C. United
Sat Mar/29 23:30 Colorado Rapids           4-0 Los Angeles Galaxy

Week 2

Sun Mar/30 17:00 FC Dallas           1-1 CD Chivas USA
Thu Apr/3 22:30 Chicago Fire           4-0 New England Revolution
Fri Apr/4 00:30 Los Angeles Galaxy           2-0 San Jose Earthquakes
Sat Apr/5 19:00 Kansas City Wizards           3-2 Colorado Rapids
Sat Apr/5 21:30 New York Red Bulls           2-0 Columbus Crew
Sat Apr/5 21:30 Washington D.C. United           4-1 Toronto FC

Week 3

Sun Apr/6 00:30 CD Chivas USA           3-1 Real Salt Lake
Sun Apr/6 17:00 Houston Dynamo           3-3 FC Dallas
Wed Apr/9 22:00 Kansas City Wizards           1-3 New England Revolution
Sat Apr/12 18:45 San Jose Earthquakes           0-1 Chicago Fire
Sat Apr/12 21:30 Columbus Crew           4-3 CD Chivas USA
Sat Apr/12 21:30 New England Revolution           0-1 Colorado Rapids
Sat Apr/12 22:00 Kansas City Wizards           0-0 Houston Dynamo
Sat Apr/12 22:30 FC Dallas           2-0 New York Red Bulls
Sat Apr/12 23:00 Real Salt Lake           4-0 Washington D.C. United

Week 4

Sun Apr/13 17:00 Los Angeles Galaxy           2-3 Toronto FC
Thu Apr/17 22:00 Washington D.C. United           1-2 Columbus Crew
Sat Apr/19 14:30 Toronto FC           1-0 Real Salt Lake
Sat Apr/19 21:30 New York Red Bulls           1-1 New England Revolution
Sat Apr/19 23:30 Colorado Rapids           0-2 San Jose Earthquakes

Week 5

Sun Apr/20 00:30 Los Angeles Galaxy           2-2 Houston Dynamo
Sun Apr/20 17:00 Chicago Fire           0-1 Kansas City Wizards
Sun Apr/20 22:00 CD Chivas USA           0-2 FC Dallas
Thu Apr/24 22:30 FC Dallas           0-1 New England Revolution
Sat Apr/26 17:45 Toronto FC           2-0 Kansas City Wizards
Sat Apr/26 21:30 Columbus Crew           1-0 Houston Dynamo
Sat Apr/26 21:30 Washington D.C. United           4-1 Real Salt Lake
Sat Apr/26 22:30 Chicago Fire           2-1 Colorado Rapids

Week 6

Sun Apr/27 00:30 Los Angeles Galaxy           5-2 CD Chivas USA
Sun Apr/27 17:00 New York Red Bulls           2-0 San Jose Earthquakes
Thu May/1 21:00 Toronto FC           1-1 New York Red Bulls
Sat May/3 21:30 New England Revolution           0-3 Chicago Fire
Sat May/3 21:30 Columbus Crew           2-1 Kansas City Wizards
Sat May/3 22:30 Houston Dynamo           0-0 CD Chivas USA
Sat May/3 23:00 Real Salt Lake           2-2 Los Angeles Galaxy

Week 7

Sun May/4 00:00 San Jose Earthquakes           0-0 FC Dallas
Sun May/4 17:00 Colorado Rapids           2-0 Washington D.C. United
Thu May/8 22:00 Washington D.C. United           0-2 Chicago Fire
Sat May/10 22:30 Houston Dynamo           2-1 Colorado Rapids
Sat May/10 23:00 Real Salt Lake           2-1 FC Dallas

Week 8

Sun May/11 00:00 San Jose Earthquakes           2-3 Columbus Crew
Sun May/11 00:30 Los Angeles Galaxy           1-2 New York Red Bulls
Sun May/11 17:00 CD Chivas USA           1-2 New England Revolution
Thu May/15 23:30 Colorado Rapids           2-0 Real Salt Lake
Sat May/17 18:00 Toronto FC           0-0 Columbus Crew
Sat May/17 21:30 New York Red Bulls           1-1 Kansas City Wizards
Sat May/17 21:30 New England Revolution           2-0 San Jose Earthquakes
Sat May/17 22:30 Chicago Fire           1-2 Houston Dynamo

Week 9

Sun May/18 00:30 CD Chivas USA           3-1 Washington D.C. United
Sun May/18 17:00 FC Dallas           1-5 Los Angeles Galaxy
Wed May/21 21:30 Toronto FC           1-0 Washington D.C. United
Fri May/23 00:30 San Jose Earthquakes           2-1 Houston Dynamo
Sat May/24 21:30 Columbus Crew           0-1 New England Revolution
Sat May/24 21:30 Washington D.C. United           3-2 Toronto FC
Sat May/24 22:30 FC Dallas           2-1 Real Salt Lake
Sat May/24 23:30 Colorado Rapids           1-2 CD Chivas USA

Week 10

Sun May/25 00:30 Los Angeles Galaxy           3-1 Kansas City Wizards
Sun May/25 17:00 New York Red Bulls           1-5 Chicago Fire
Wed May/28 22:30 FC Dallas           2-2 Houston Dynamo
Thu May/29 21:30 New England Revolution           2-2 Washington D.C. United
Sat May/31 17:30 Toronto FC           2-0 Los Angeles Galaxy
Sat May/31 22:30 Houston Dynamo           1-0 New York Red Bulls
Sat May/31 23:00 Real Salt Lake           3-1 San Jose Earthquakes

Week 11

Sun Jun/1 00:30 CD Chivas USA           2-0 Columbus Crew
Sun Jun/1 17:00 Colorado Rapids           2-1 FC Dallas
Thu Jun/5 21:30 New York Red Bulls           1-0 CD Chivas USA
Fri Jun/6 20:30 New England Revolution           2-1 FC Dallas
Sat Jun/7 21:30 Columbus Crew           0-2 San Jose Earthquakes
Sat Jun/7 22:30 Chicago Fire           1-2 Washington D.C. United
Sat Jun/7 23:00 Real Salt Lake           0-0 Kansas City Wizards

Week 12

Sun Jun/8 00:30 Los Angeles Galaxy           3-2 Colorado Rapids
Sun Jun/8 22:30 Houston Dynamo           3-1 Toronto FC
Thu Jun/12 23:25 Houston Dynamo           0-2 New England Revolution
Sat Jun/14 21:00 Toronto FC           3-1 Colorado Rapids
Sat Jun/14 21:30 Washington D.C. United           4-1 New York Red Bulls
Sat Jun/14 22:00 Kansas City Wizards           0-3 Columbus Crew

Week 13

Sun Jun/15 00:00 San Jose Earthquakes           0-3 Los Angeles Galaxy
Sun Jun/15 00:30 CD Chivas USA           0-1 Real Salt Lake
Sun Jun/15 17:00 FC Dallas           1-0 Chicago Fire
Wed Jun/18 21:30 New England Revolution           1-1 New York Red Bulls
Wed Jun/18 23:00 Real Salt Lake           0-0 San Jose Earthquakes
Fri Jun/20 00:30 CD Chivas USA           2-0 Chicago Fire
Sat Jun/21 17:45 Toronto FC           0-0 Kansas City Wizards
Sat Jun/21 21:30 New York Red Bulls           1-0 FC Dallas
Sat Jun/21 23:30 Colorado Rapids           0-0 Houston Dynamo
Sat Jun/21 23:30 Real Salt Lake           2-1 New England Revolution

Week 14

Sun Jun/22 00:30 Los Angeles Galaxy           3-3 Columbus Crew
Sun Jun/22 17:00 Washington D.C. United           3-1 San Jose Earthquakes
Thu Jun/26 23:00 Houston Dynamo           1-1 FC Dallas
Sat Jun/28 21:30 Columbus Crew           2-1 Colorado Rapids
Sat Jun/28 21:30 New England Revolution           2-1 Toronto FC
Sat Jun/28 22:00 Kansas City Wizards           1-0 Real Salt Lake
Sat Jun/28 22:30 Chicago Fire           0-0 San Jose Earthquakes

Week 15

Sun Jun/29 00:30 CD Chivas USA           1-1 New York Red Bulls
Sun Jun/29 14:15 Washington D.C. United           4-1 Los Angeles Galaxy

Week 16

Wed Jul/23 21:30 Washington D.C. United           0-2 Houston Dynamo
Fri Jul/4 00:00 Real Salt Lake           0-0 Houston Dynamo
Fri Jul/4 21:00 FC Dallas           1-1 Kansas City Wizards
Fri Jul/4 23:30 Colorado Rapids           4-0 New York Red Bulls
Sat Jul/5 00:30 Los Angeles Galaxy           1-2 New England Revolution
Sat Jul/5 22:00 Columbus Crew           2-2 Chicago Fire
Sun Jul/6 00:30 CD Chivas USA           1-0 San Jose Earthquakes
Thu Jul/10 22:00 Kansas City Wizards           2-1 New York Red Bulls
Fri Jul/11 01:00 Los Angeles Galaxy           1-1 CD Chivas USA
Sat Jul/12 18:00 San Jose Earthquakes           1-1 Colorado Rapids
Sat Jul/12 22:30 Chicago Fire           2-1 Toronto FC
Sat Jul/12 23:00 Real Salt Lake           2-0 Columbus Crew
Thu Jul/17 22:00 Columbus Crew           3-3 Kansas City Wizards
Sat Jul/19 17:00 Toronto FC           0-0 San Jose Earthquakes
Sat Jul/19 20:30 New York Red Bulls           2-2 Los Angeles Galaxy
Sat Jul/19 22:30 FC Dallas           2-2 Colorado Rapids
Sat Jul/19 22:30 Chicago Fire           0-0 Real Salt Lake

Week 17

Sun Jul/27 17:00 San Jose Earthquakes           1-1 New York Red Bulls
Sun Jul/27 21:00 FC Dallas           4-0 Los Angeles Galaxy
Sun Jul/27 22:00 Kansas City Wizards           0-0 Chicago Fire
Sun Jul/27 23:30 Colorado Rapids           0-2 Columbus Crew
Mon Jul/28 23:00 Real Salt Lake           2-1 Toronto FC
Sat Aug/2 21:30 Washington D.C. United           2-0 Kansas City Wizards
Sat Aug/2 22:30 Chicago Fire           1-0 CD Chivas USA
Sat Aug/2 22:30 Houston Dynamo           2-0 Columbus Crew

Week 18

Sun Aug/3 17:00 San Jose Earthquakes           3-2 Los Angeles Galaxy
Sun Aug/3 18:00 Toronto FC           0-2 FC Dallas
Sat Aug/9 18:00 Colorado Rapids           0-1 Toronto FC
Sat Aug/9 21:30 New England Revolution           1-2 Chicago Fire
Sat Aug/9 22:00 Kansas City Wizards           3-2 CD Chivas USA

Week 19

Sun Aug/10 19:00 New York Red Bulls           4-1 Washington D.C. United
Fri Aug/15 01:00 CD Chivas USA           2-2 Los Angeles Galaxy
Sat Aug/16 21:30 Columbus Crew           2-1 FC Dallas
Sat Aug/16 22:30 Chicago Fire           0-1 Washington D.C. United
Sat Aug/16 22:30 Houston Dynamo           4-3 Real Salt Lake
Sat Aug/16 23:30 Colorado Rapids           2-1 Kansas City Wizards

Week 20

Sun Aug/17 00:00 San Jose Earthquakes           4-0 New England Revolution
Sun Aug/17 19:00 New York Red Bulls           2-0 Toronto FC
Wed Aug/20 21:30 New England Revolution           2-1 Washington D.C. United
Wed Aug/20 23:00 Houston Dynamo           4-0 CD Chivas USA
Fri Aug/22 00:30 Los Angeles Galaxy           0-1 Chicago Fire
Sat Aug/23 21:30 Washington D.C. United           3-0 Colorado Rapids
Sat Aug/23 21:30 Toronto FC           1-1 New England Revolution
Sat Aug/23 21:30 Columbus Crew           3-0 Real Salt Lake
Sat Aug/23 22:00 Kansas City Wizards           1-1 FC Dallas

Week 21

Sun Aug/24 00:30 CD Chivas USA           0-0 San Jose Earthquakes
Sun Aug/24 17:00 New York Red Bulls           3-0 Houston Dynamo
Fri Aug/29 23:00 Real Salt Lake           2-0 Colorado Rapids
Sat Aug/30 21:30 New England Revolution           2-2 Los Angeles Galaxy
Sat Aug/30 21:30 Washington D.C. United           0-0 New York Red Bulls
Sat Aug/30 23:00 FC Dallas           1-2 Columbus Crew

Week 22

Sun Aug/31 00:00 San Jose Earthquakes           2-1 Kansas City Wizards
Sun Aug/31 00:30 CD Chivas USA           2-1 Toronto FC
Sun Aug/31 21:00 Houston Dynamo           2-1 Chicago Fire
Thu Sep/4 22:30 FC Dallas           0-1 Colorado Rapids
Sat Sep/6 18:00 Toronto FC           1-3 CD Chivas USA
Sat Sep/6 21:30 Columbus Crew           4-0 New England Revolution
Sat Sep/6 22:30 Chicago Fire           1-0 New York Red Bulls

Week 23

Sun Sep/7 00:00 San Jose Earthquakes           2-1 Washington D.C. United
Sun Sep/7 00:30 Los Angeles Galaxy           2-2 Real Salt Lake
Sun Sep/7 17:00 Houston Dynamo           3-1 Kansas City Wizards
Thu Sep/11 21:00 New England Revolution           4-0 CD Chivas USA
Sat Sep/13 17:45 Toronto FC           1-1 Columbus Crew
Sat Sep/13 19:00 Kansas City Wizards           2-0 Los Angeles Galaxy
Sat Sep/13 21:30 Washington D.C. United           2-2 FC Dallas
Sat Sep/13 21:30 New York Red Bulls           2-1 Real Salt Lake

Week 24

Sun Sep/14 00:00 San Jose Earthquakes           1-1 Houston Dynamo
Sun Sep/14 17:00 Colorado Rapids           2-0 Chicago Fire
Thu Sep/18 21:00 Columbus Crew           3-1 New York Red Bulls
Sat Sep/20 22:00 Kansas City Wizards           2-0 Toronto FC
Sat Sep/20 23:00 Real Salt Lake           0-1 CD Chivas USA
Sat Sep/20 23:00 Colorado Rapids           1-1 New England Revolution

Week 25

Sun Sep/21 01:00 Los Angeles Galaxy           5-2 Washington D.C. United
Sun Sep/21 17:00 Chicago Fire           1-4 FC Dallas
Thu Sep/25 23:30 Chicago Fire           3-1 Los Angeles Galaxy
Sat Sep/27 17:30 Toronto FC           1-1 Houston Dynamo
Sat Sep/27 21:30 New England Revolution           0-1 Columbus Crew
Sat Sep/27 21:30 New York Red Bulls           4-5 Colorado Rapids

Week 26

Sun Sep/28 00:00 San Jose Earthquakes           2-3 Real Salt Lake
Sun Sep/28 00:30 CD Chivas USA           2-1 Kansas City Wizards
Sun Sep/28 17:00 FC Dallas           3-0 Washington D.C. United

Week 27

Wed Oct/15 23:00 Houston Dynamo           2-1 San Jose Earthquakes
Thu Oct/2 23:00 FC Dallas           1-1 San Jose Earthquakes
Sat Oct/4 21:30 Washington D.C. United           0-3 CD Chivas USA
Sat Oct/4 21:30 Columbus Crew           1-0 Los Angeles Galaxy
Sat Oct/4 21:30 New England Revolution           2-2 Real Salt Lake
Sat Oct/4 21:30 New York Red Bulls           1-3 Toronto FC
Sat Oct/4 23:30 Colorado Rapids           1-3 Houston Dynamo
Sun Oct/5 17:00 Kansas City Wizards           1-1 Chicago Fire
Fri Oct/10 00:00 Real Salt Lake           1-1 New York Red Bulls
Sat Oct/11 22:00 Kansas City Wizards           1-0 New England Revolution
Sat Oct/11 22:30 FC Dallas           2-2 Toronto FC
Sun Oct/12 00:00 San Jose Earthquakes           0-1 CD Chivas USA
Sun Oct/12 17:00 Chicago Fire           2-2 Columbus Crew
Sun Oct/12 21:00 Houston Dynamo           0-0 Washington D.C. United
Sun Oct/12 22:00 Los Angeles Galaxy           3-2 Colorado Rapids
Thu Oct/16 22:00 Washington D.C. United           2-1 New England Revolution
Sat Oct/18 17:45 Toronto FC           3-2 Chicago Fire
Sat Oct/18 21:30 New York Red Bulls           3-1 Columbus Crew
Sat Oct/18 22:00 Kansas City Wizards           3-2 San Jose Earthquakes
Sat Oct/18 22:30 Houston Dynamo           3-0 Los Angeles Galaxy
Sat Oct/18 23:00 Real Salt Lake           3-1 FC Dallas

Week 28

Sun Oct/19 17:00 CD Chivas USA           1-2 Colorado Rapids
Thu Oct/23 23:30 Chicago Fire           5-2 New York Red Bulls
Sat Oct/25 21:30 New England Revolution           1-3 Kansas City Wizards
Sat Oct/25 23:30 Colorado Rapids           1-1 Real Salt Lake

Week 29

Sun Oct/26 00:00 San Jose Earthquakes           2-0 Toronto FC
Sun Oct/26 00:30 CD Chivas USA           1-1 Houston Dynamo
Sun Oct/26 17:00 Los Angeles Galaxy           2-2 FC Dallas
Sun Oct/26 19:00 Columbus Crew           1-0 Washington D.C. United


# Quarter Final


Week 30

Thu Oct/30 22:00 New England Revolution           0-0 Chicago Fire
Sat Nov/1 18:00 New York Red Bulls           1-1 Houston Dynamo
Sat Nov/1 20:00 Real Salt Lake           1-0 CD Chivas USA
Sat Nov/1 22:00 Kansas City Wizards           1-1 Columbus Crew

Week 31

Thu Nov/6 22:30 Chicago Fire           3-0 New England Revolution
Sat Nov/8 21:30 Columbus Crew           2-0 Kansas City Wizards

Week 32

Sun Nov/9 00:30 CD Chivas USA           2-2 Real Salt Lake
Sun Nov/9 17:00 Houston Dynamo           0-3 New York Red Bulls


# Semifinal


Week 33

Thu Nov/13 21:55 Columbus Crew           2-1 Chicago Fire
Sat Nov/15 23:30 Real Salt Lake           0-1 New York Red Bulls


# Final


Week 34

Sun Nov/23 17:50 New York Red Bulls           1-3 Columbus Crew

